Order_Year,Order_Month,Region,Category,Sub_Category,Sales,Quantity,Profit,Discount
2016,1,Central,Furniture,Bookcases,1565.88,6,407.1288,0
2016,1,Central,Furniture,Furnishings,23.076,3,-10.9611,0.6
2016,1,Central,Furniture,Tables,2218.95,10,-188.019,0.5
2016,1,Central,Office Supplies,Binders,119.658,12,52.5111,0.8
2016,1,Central,Office Supplies,Paper,197.984,12,67.338,0.6000000000000001
2016,1,Central,Technology,Accessories,195.68,5,-11.474,0.4
2016,1,Central,Technology,Phones,1620.928,9,157.5688,0.4
2016,1,East,Furniture,Bookcases,173.94,3,38.2668,0
2016,1,East,Furniture,Furnishings,438.73,20,85.0628,0.4
2016,1,East,Furniture,Tables,495.519,4,-114.9279,0.7
2016,1,East,Office Supplies,Art,26.582,12,6.9715,0.2
2016,1,East,Office Supplies,Binders,223.572,18,-38.5308,1.2999999999999998
2016,1,East,Office Supplies,Envelopes,92.22,8,43.879,0
2016,1,East,Office Supplies,Fasteners,7.56,6,0.3024,0
2016,1,East,Office Supplies,Paper,238.964,22,103.32740000000001,0.4
2016,1,East,Office Supplies,Storage,1992.97,20,406.7154,0
2016,1,East,Technology,Accessories,812.086,12,230.7939,0.2
2016,1,East,Technology,Phones,357.94399999999996,8,37.16619999999999,0.8
2016,1,South,Furniture,Bookcases,451.136,4,-67.6704,0.2
2016,1,South,Furniture,Furnishings,330.048,16,35.8592,0.4
2016,1,South,Office Supplies,Appliances,64.864,4,6.4864,0.2
2016,1,South,Office Supplies,Art,52.864,5,6.5424,0.4
2016,1,South,Office Supplies,Binders,1333.178,12,626.5126,0.7
2016,1,South,Office Supplies,Envelopes,125.36,8,58.9192,0
2016,1,South,Office Supplies,Paper,89.568,2,32.4684,0.2
2016,1,South,Technology,Accessories,507.472,10,72.2878,0.2
2016,1,South,Technology,Copiers,959.968,4,119.996,0.2
2016,1,South,Technology,Phones,167.96800000000002,4,16.057,0.4
2016,1,West,Furniture,Bookcases,48.58,1,7.7728,0
2016,1,West,Furniture,Chairs,1602.2240000000002,13,10.417200000000008,0.6000000000000001
2016,1,West,Furniture,Furnishings,274.66,21,101.03150000000001,0
2016,1,West,Office Supplies,Art,74.25999999999999,3,20.345,0
2016,1,West,Office Supplies,Binders,79.888,6,27.8882,0.6000000000000001
2016,1,West,Office Supplies,Labels,91.06,17,43.923700000000004,0
2016,1,West,Office Supplies,Paper,69.66,7,34.0038,0
2016,1,West,Office Supplies,Storage,419.46999999999997,11,104.86749999999999,0
2016,1,West,Technology,Accessories,510.5,10,144.0533,0
2016,1,West,Technology,Phones,487.52,10,149.94240000000002,0.4
2016,2,Central,Furniture,Chairs,304.45799999999997,7,-2.6982,0.6
2016,2,Central,Furniture,Furnishings,89.976,4,-84.35480000000001,1.2
2016,2,Central,Office Supplies,Appliances,582.384,15,-88.2672,0.8
2016,2,Central,Office Supplies,Binders,56.82,3,28.41,0
2016,2,Central,Office Supplies,Fasteners,6.976,4,1.8312,0.2
2016,2,Central,Office Supplies,Paper,5.184,1,1.8144,0.2
2016,2,Central,Technology,Phones,69.93,7,0.6993,0
2016,2,East,Furniture,Chairs,554.606,5,76.39699999999999,0.1
2016,2,East,Furniture,Furnishings,259.77000000000004,20,114.81920000000001,0
2016,2,East,Furniture,Tables,550.431,3,-47.1798,0.3
2016,2,East,Office Supplies,Appliances,170.88,3,49.5552,0
2016,2,East,Office Supplies,Art,119.084,10,10.4076,0.2
2016,2,East,Office Supplies,Binders,398.352,3,124.485,0.2
2016,2,East,Office Supplies,Envelopes,104.29599999999999,8,39.111000000000004,0.4
2016,2,East,Office Supplies,Fasteners,45.199999999999996,10,21.815199999999997,0
2016,2,East,Office Supplies,Labels,8.67,3,4.0749,0
2016,2,East,Office Supplies,Paper,35.122,3,12.7697,0.2
2016,2,East,Office Supplies,Storage,657.27,8,95.63550000000001,0
2016,2,East,Office Supplies,Supplies,25.71,3,6.6846,0
2016,2,East,Technology,Accessories,89.97,3,39.5868,0
2016,2,East,Technology,Phones,130.46,4,25.523799999999998,0
2016,2,South,Furniture,Bookcases,239.98,2,52.7956,0
2016,2,South,Furniture,Chairs,866.4,4,225.264,0
2016,2,South,Furniture,Furnishings,487.834,18,31.069399999999998,0.2
2016,2,South,Office Supplies,Art,264.18,7,68.6868,0
2016,2,South,Office Supplies,Binders,96.74199999999999,18,-1.192400000000001,1.4
2016,2,South,Office Supplies,Envelopes,167.96,2,78.9412,0
2016,2,South,Office Supplies,Fasteners,9.45,5,0.189,0
2016,2,South,Office Supplies,Labels,7.83,3,3.6018,0
2016,2,South,Office Supplies,Paper,830.6759999999999,21,397.66820000000007,0.2
2016,2,South,Office Supplies,Storage,2074.446,18,225.79080000000002,0.2
2016,2,South,Technology,Accessories,100,4,21,0
2016,2,South,Technology,Machines,8749.95,5,2799.984,0
2016,2,South,Technology,Phones,1717.656,9,281.2626,0.2
2016,2,West,Furniture,Furnishings,14.368,2,3.9512,0.2
2016,2,West,Furniture,Tables,557.728,4,6.9716,0.2
2016,2,West,Office Supplies,Binders,49.808,11,17.4328,0.4
2016,2,West,Office Supplies,Fasteners,10.65,3,5.0055,0
2016,2,West,Office Supplies,Labels,14.73,3,7.2177,0
2016,2,West,Office Supplies,Paper,323.21999999999997,9,155.2628,0
2016,2,West,Office Supplies,Storage,728.7099999999999,10,63.069599999999994,0
2016,2,West,Technology,Accessories,171.06,7,66.738,0
2016,2,West,Technology,Phones,1229.8880000000001,14,62.748900000000006,0.6000000000000001
2016,3,Central,Furniture,Bookcases,241.332,5,-14.196,0.32
2016,3,Central,Furniture,Chairs,2464.4059999999995,21,-235.9504,1.2
2016,3,Central,Furniture,Furnishings,175.78,7,-190.47160000000002,0.6
2016,3,Central,Furniture,Tables,2137.993,16,-81.8616,1.4000000000000001
2016,3,Central,Office Supplies,Appliances,209.478,6,42.0318,0.9
2016,3,Central,Office Supplies,Art,174.18,16,22.137299999999996,0.6000000000000001
2016,3,Central,Office Supplies,Binders,183.27,29,12.739799999999995,4
2016,3,Central,Office Supplies,Envelopes,332.304,9,111.6951,0.6000000000000001
2016,3,Central,Office Supplies,Fasteners,2.304,1,0.7776,0.2
2016,3,Central,Office Supplies,Paper,186.05599999999998,17,68.192,0.8
2016,3,Central,Office Supplies,Storage,12.992,1,-0.812,0.2
2016,3,Central,Office Supplies,Supplies,3930.072,3,-786.0144,0.2
2016,3,Central,Technology,Accessories,1403.1100000000001,19,278.5114,0.4
2016,3,Central,Technology,Machines,287.91,3,33.5895,0.4
2016,3,Central,Technology,Phones,1412.6259999999997,18,133.59120000000001,0.8
2016,3,East,Furniture,Bookcases,778.229,9,-431.26,1.2
2016,3,East,Furniture,Chairs,1069.576,13,137.867,0.4
2016,3,East,Furniture,Furnishings,1586.616,35,450.6641000000001,0.4
2016,3,East,Furniture,Tables,1080.598,10,-296.293,0.7
2016,3,East,Office Supplies,Appliances,901.95,3,297.6435,0
2016,3,East,Office Supplies,Art,117.856,7,29.805200000000003,0.2
2016,3,East,Office Supplies,Binders,749.884,34,247.1173,2.6999999999999997
2016,3,East,Office Supplies,Envelopes,229.24,8,103.45139999999999,0
2016,3,East,Office Supplies,Fasteners,5.984,2,-1.3464,0.2
2016,3,East,Office Supplies,Paper,289.78000000000003,17,133.3821,0.2
2016,3,East,Office Supplies,Storage,1512.7199999999998,15,-39.50019999999999,0.4
2016,3,East,Technology,Accessories,895.642,18,188.02960000000002,0.8
2016,3,East,Technology,Machines,5349.030000000001,10,1757.2557000000002,0.7
2016,3,East,Technology,Phones,2197.752,26,-132.62879999999996,2.4
2016,3,South,Furniture,Furnishings,453.77000000000004,21,126.53909999999998,0.2
2016,3,South,Furniture,Tables,189.882,3,-94.941,0.4
2016,3,South,Office Supplies,Appliances,1032.12,5,132.0696,0.2
2016,3,South,Office Supplies,Binders,109.62599999999999,9,15.920599999999997,0.7
2016,3,South,Office Supplies,Labels,10.08,4,3.528,0.2
2016,3,South,Office Supplies,Paper,378.4,18,174.32319999999999,0
2016,3,South,Office Supplies,Storage,580.36,11,138.9117,0.2
2016,3,South,Technology,Accessories,119.976,3,-17.9964,0.2
2016,3,South,Technology,Phones,1363.96,5,85.2475,0.2
2016,3,West,Furniture,Bookcases,72.294,1,-98.8018,0.7
2016,3,West,Furniture,Chairs,2487.056,16,154.08919999999998,0.8
2016,3,West,Furniture,Furnishings,63.56,5,19.348,0
2016,3,West,Office Supplies,Appliances,312.82,10,58.04,0.2
2016,3,West,Office Supplies,Art,16.99,1,4.9271,0
2016,3,West,Office Supplies,Binders,141.195,24,20.5109,2.1999999999999997
2016,3,West,Office Supplies,Envelopes,30.56,4,14.9744,0
2016,3,West,Office Supplies,Paper,89.60400000000001,17,38.6032,0.4
2016,3,West,Office Supplies,Storage,869.1659999999999,10,14.1882,0.2
2016,3,West,Office Supplies,Supplies,4937.9400000000005,6,204.1086,0
2016,3,West,Technology,Accessories,85.43,5,24.432899999999997,0
2016,3,West,Technology,Machines,3357.6,3,377.73,0.2
2016,3,West,Technology,Phones,5094.816000000001,20,378.06780000000003,1.2
2016,4,Central,Furniture,Chairs,1895.256,13,280.688,0.6
2016,4,Central,Furniture,Furnishings,338.572,16,-78.46259999999998,1.7999999999999998
2016,4,Central,Office Supplies,Appliances,48.792,3,-126.8592,0.8
2016,4,Central,Office Supplies,Art,47.056,11,9.0828,0.4
2016,4,Central,Office Supplies,Binders,1138.9199999999998,14,-1915.7896,1.6
2016,4,Central,Office Supplies,Fasteners,37.09,10,11.92,0.2
2016,4,Central,Office Supplies,Labels,15.712,4,5.6956,0.2
2016,4,Central,Office Supplies,Paper,19.936,5,6.4716000000000005,0.4
2016,4,Central,Office Supplies,Storage,2069.968,19,32.25229999999999,1
2016,4,Central,Technology,Accessories,690.624,12,129.4632,0.4
2016,4,Central,Technology,Phones,1160.426,10,301.2719,0.2
2016,4,East,Furniture,Bookcases,388.704,6,-4.8588,0.2
2016,4,East,Furniture,Chairs,2410.884,12,501.9462,0.30000000000000004
2016,4,East,Furniture,Furnishings,92.6,4,10.7244,0
2016,4,East,Furniture,Tables,205.176,2,-58.1332,0.4
2016,4,East,Office Supplies,Appliances,33.528,3,2.5146,0.2
2016,4,East,Office Supplies,Art,605.16,45,163.50330000000002,0
2016,4,East,Office Supplies,Binders,929.554,39,11.5969,4.500000000000001
2016,4,East,Office Supplies,Envelopes,17.131999999999998,3,7.0157,0.2
2016,4,East,Office Supplies,Labels,20.7,2,9.936,0
2016,4,East,Office Supplies,Paper,730.22,28,272.99,0.6000000000000001
2016,4,East,Office Supplies,Storage,745.504,17,41.543400000000005,0.4
2016,4,East,Office Supplies,Supplies,913.474,23,-122.18380000000002,0.2
2016,4,East,Technology,Accessories,89.97,3,37.7874,0
2016,4,East,Technology,Machines,9099.93,7,2365.9818,0
2016,4,East,Technology,Phones,1557.432,16,298.1298,0.8
2016,4,South,Furniture,Bookcases,354.9,5,88.725,0
2016,4,South,Furniture,Furnishings,264.704,21,55.2132,0.4
2016,4,South,Furniture,Tables,343.92,4,75.6624,0
2016,4,South,Office Supplies,Appliances,203.92,4,55.0584,0
2016,4,South,Office Supplies,Art,12.84,3,3.7236,0
2016,4,South,Office Supplies,Binders,189.588,2,-145.3508,0.7
2016,4,South,Office Supplies,Envelopes,81.82,9,37.3566,0
2016,4,South,Office Supplies,Fasteners,30,6,14.4,0
2016,4,South,Office Supplies,Paper,264.32,23,100.652,0.6000000000000001
2016,4,South,Office Supplies,Storage,267.504,11,-16.4648,0.6000000000000001
2016,4,South,Technology,Accessories,735.872,16,139.7344,0.6000000000000001
2016,4,South,Technology,Phones,216.322,8,18.1191,0.2
2016,4,West,Furniture,Bookcases,814.164,8,30.7842,0.3
2016,4,West,Furniture,Chairs,4638.872,29,226.7934,1.4
2016,4,West,Furniture,Furnishings,191.708,20,50.2344,0.4
2016,4,West,Furniture,Tables,1272.63,6,-814.4832,0.5
2016,4,West,Office Supplies,Appliances,222.176,7,53.2512,0.4
2016,4,West,Office Supplies,Art,78.66,8,22.756800000000002,0
2016,4,West,Office Supplies,Binders,485.09700000000004,52,129.5796,3.6000000000000005
2016,4,West,Office Supplies,Envelopes,78.09,6,38.861399999999996,0
2016,4,West,Office Supplies,Fasteners,31.56,5,9.8625,0.2
2016,4,West,Office Supplies,Paper,276.844,23,125.982,0.4
2016,4,West,Office Supplies,Storage,838.106,18,94.0538,0.2
2016,4,West,Office Supplies,Supplies,214.17600000000002,5,-33.894000000000005,0.2
2016,4,West,Technology,Accessories,99.99,1,34.9965,0
2016,4,West,Technology,Copiers,1199.976,3,374.9925,0.2
2016,4,West,Technology,Phones,39.96,5,12.987,0.2
2016,5,Central,Furniture,Chairs,4451.153,17,463.957,0.8999999999999999
2016,5,Central,Furniture,Furnishings,159.772,19,-25.3878,2.4
2016,5,Central,Office Supplies,Appliances,494.41,11,-78.3366,1.6
2016,5,Central,Office Supplies,Art,155.39600000000002,22,19.756,0.4
2016,5,Central,Office Supplies,Binders,45.754,19,-71.0167,5.6
2016,5,Central,Office Supplies,Envelopes,7.072,2,2.3868,0.2
2016,5,Central,Office Supplies,Fasteners,7.896,3,2.4675,0.2
2016,5,Central,Office Supplies,Labels,5.04,2,1.764,0.2
2016,5,Central,Office Supplies,Paper,1376.538,49,630.4273999999999,1.4
2016,5,Central,Office Supplies,Storage,2235.392,25,211.36219999999997,0.8
2016,5,Central,Technology,Accessories,314.128,8,0.726900000000001,0.6000000000000001
2016,5,Central,Technology,Phones,2491.414,18,218.7414,0.8
2016,5,East,Furniture,Chairs,442.764,4,59.0352,0.1
2016,5,East,Furniture,Furnishings,989.2739999999999,49,276.4725,0.6000000000000001
2016,5,East,Furniture,Tables,174.286,2,-19.9184,0.3
2016,5,East,Office Supplies,Appliances,1064.508,16,258.6074,0.4
2016,5,East,Office Supplies,Art,105.52000000000001,14,16.8604,0.6000000000000001
2016,5,East,Office Supplies,Binders,305.89399999999995,26,102.73819999999999,1.9
2016,5,East,Office Supplies,Envelopes,36.224,7,16.4064,0.2
2016,5,East,Office Supplies,Fasteners,7.216,2,1.7138,0.2
2016,5,East,Office Supplies,Labels,65.02,7,31.171400000000002,0.2
2016,5,East,Office Supplies,Paper,253.40399999999994,21,108.0604,1
2016,5,East,Office Supplies,Storage,2361.584,24,38.6017,0.8
2016,5,East,Office Supplies,Supplies,120.07,12,34.2713,0
2016,5,East,Technology,Accessories,917.658,20,18.881200000000007,0.6000000000000001
2016,5,East,Technology,Copiers,9239.964,6,1189.9958,0.8
2016,5,East,Technology,Machines,4224.887,8,995.0317,0.7
2016,5,East,Technology,Phones,2281.01,22,403.9836,0.8
2016,5,South,Furniture,Chairs,1219.288,19,167.0478,0.4
2016,5,South,Furniture,Furnishings,116.632,15,32.4338,0.6000000000000001
2016,5,South,Furniture,Tables,2646.12,13,244.76399999999998,0.4
2016,5,South,Office Supplies,Art,345.376,30,95.36099999999999,0.4
2016,5,South,Office Supplies,Binders,673.6729999999999,47,145.8785,7.000000000000001
2016,5,South,Office Supplies,Envelopes,26.55,9,12.744,0
2016,5,South,Office Supplies,Labels,80.814,10,38.320499999999996,0.2
2016,5,South,Office Supplies,Paper,625.336,41,270.2926,0.8
2016,5,South,Office Supplies,Storage,1452.354,15,165.9708,0.2
2016,5,South,Office Supplies,Supplies,69.5,5,20.155,0
2016,5,South,Technology,Accessories,2139.6,10,692.1562,0.2
2016,5,South,Technology,Phones,2564.99,18,383.96000000000004,0.6000000000000001
2016,5,West,Furniture,Chairs,1286.272,8,-34.7252,0.4
2016,5,West,Furniture,Furnishings,1578.5299999999997,24,334.78560000000004,0
2016,5,West,Furniture,Tables,2055.744,11,326.0094,0.4
2016,5,West,Office Supplies,Appliances,358.75000000000006,11,104.72970000000001,0
2016,5,West,Office Supplies,Binders,140.75900000000001,30,-41.3424,3.8
2016,5,West,Office Supplies,Envelopes,54.9,5,26.901,0
2016,5,West,Office Supplies,Fasteners,5.94,3,0,0
2016,5,West,Office Supplies,Labels,27.72,9,13.3056,0
2016,5,West,Office Supplies,Paper,416.332,40,190.85789999999997,0.2
2016,5,West,Office Supplies,Storage,110.26,4,27.0866,0
2016,5,West,Technology,Accessories,597.368,24,143.72089999999997,0.2
2016,5,West,Technology,Machines,3326.776,15,337.85249999999996,0.6000000000000001
2016,5,West,Technology,Phones,734.896,12,55.1199,0.8
2016,6,Central,Furniture,Chairs,1004.2760000000001,7,-133.0296,0.8999999999999999
2016,6,Central,Furniture,Furnishings,545.342,25,-380.38470000000007,3.6
2016,6,Central,Furniture,Tables,870.1650000000001,8,52.72200000000001,0.5
2016,6,Central,Office Supplies,Appliances,73.096,6,-180.562,1.6
2016,6,Central,Office Supplies,Art,23.976,13,5.6103000000000005,0.6000000000000001
2016,6,Central,Office Supplies,Binders,19.996000000000002,12,-16.034399999999998,3.2
2016,6,Central,Office Supplies,Labels,18.9,3,8.694,0
2016,6,Central,Office Supplies,Paper,1045.174,47,414.7419,1.5999999999999999
2016,6,Central,Office Supplies,Storage,238.576,13,51.224,0.2
2016,6,Central,Technology,Accessories,166.604,14,29.890900000000002,0.6000000000000001
2016,6,Central,Technology,Machines,1007.979,3,43.1991,0.3
2016,6,Central,Technology,Phones,1539.064,21,293.8589,0.6000000000000001
2016,6,East,Furniture,Bookcases,490.352,3,-39.066599999999994,0.4
2016,6,East,Furniture,Chairs,863.4280000000001,10,9.742999999999999,0.4
2016,6,East,Furniture,Furnishings,694.86,15,86.932,0.4
2016,6,East,Furniture,Tables,714.0419999999999,5,-331.569,0.8
2016,6,East,Office Supplies,Appliances,1237.836,14,266.07120000000003,0.4
2016,6,East,Office Supplies,Art,37.379999999999995,11,13.098600000000001,0
2016,6,East,Office Supplies,Binders,423.94399999999996,37,69.18459999999999,2.8999999999999995
2016,6,East,Office Supplies,Envelopes,115.02,9,51.759,0
2016,6,East,Office Supplies,Fasteners,13.608,8,4.9626,0.2
2016,6,East,Office Supplies,Labels,221.96599999999995,33,99.0116,0.4
2016,6,East,Office Supplies,Paper,568.906,40,255.11149999999998,0.6000000000000001
2016,6,East,Office Supplies,Storage,3038.3340000000003,48,454.1798,0.6000000000000001
2016,6,East,Office Supplies,Supplies,835.17,7,16.7034,0
2016,6,East,Technology,Accessories,475.9000000000001,15,99.0553,0
2016,6,East,Technology,Machines,1349.85,3,364.4595,0
2016,6,East,Technology,Phones,656.8100000000001,12,178.9175,0
2016,6,South,Furniture,Bookcases,1266.86,7,291.3778,0
2016,6,South,Office Supplies,Appliances,208.16,1,56.2032,0
2016,6,South,Office Supplies,Art,35.97,3,9.7119,0
2016,6,South,Office Supplies,Binders,132.486,13,17.8,0.7
2016,6,South,Office Supplies,Paper,148.78,7,70.0562,0
2016,6,South,Office Supplies,Storage,191.88,6,19.188,0
2016,6,South,Technology,Accessories,548.624,14,212.3323,0.2
2016,6,South,Technology,Machines,787.1750000000001,3,-29.6575,1
2016,6,South,Technology,Phones,135.95,1,39.4255,0
2016,6,West,Furniture,Bookcases,838.8309999999999,7,49.342999999999996,0.3
2016,6,West,Furniture,Chairs,767.056,9,60.039,0.6000000000000001
2016,6,West,Furniture,Furnishings,297.222,9,-2.793899999999999,0.2
2016,6,West,Furniture,Tables,4718.138,23,230.4205,0.8
2016,6,West,Office Supplies,Appliances,382.27000000000004,12,110.8464,0
2016,6,West,Office Supplies,Art,20.84,9,5.8888,0
2016,6,West,Office Supplies,Binders,202.232,44,69.73710000000001,1.5999999999999999
2016,6,West,Office Supplies,Fasteners,17.9,5,8.95,0
2016,6,West,Office Supplies,Labels,116.42000000000002,22,55.3699,0
2016,6,West,Office Supplies,Paper,984.27,52,467.4269999999999,0
2016,6,West,Office Supplies,Storage,255.62,7,35.010000000000005,0
2016,6,West,Office Supplies,Supplies,293.1,8,27.544800000000002,0
2016,6,West,Technology,Accessories,446.22,6,146.0299,0
2016,6,West,Technology,Machines,4476.8,4,503.64,0.2
2016,6,West,Technology,Phones,4781.175999999999,28,508.0038,1.2
2016,7,Central,Furniture,Chairs,1185.3619999999999,11,82.376,0.6
2016,7,Central,Furniture,Furnishings,765.4000000000001,29,-361.599,2.4
2016,7,Central,Office Supplies,Appliances,283.14,4,72.358,0.1
2016,7,Central,Office Supplies,Art,411.424,19,47.1618,0.8
2016,7,Central,Office Supplies,Binders,25.432,11,-41.0484,2.4000000000000004
2016,7,Central,Office Supplies,Envelopes,20.936,1,7.0659,0.2
2016,7,Central,Office Supplies,Fasteners,23.072000000000003,8,10.0205,0.2
2016,7,Central,Office Supplies,Labels,24.96,8,8.8168,0.4
2016,7,Central,Office Supplies,Paper,554.55,47,228.31239999999994,1
2016,7,Central,Office Supplies,Storage,2885.848,17,209.558,0.6000000000000001
2016,7,Central,Office Supplies,Supplies,13.344,2,1.0008,0.2
2016,7,Central,Technology,Accessories,249.776,11,88.0509,0.2
2016,7,Central,Technology,Phones,2451.2200000000003,34,453.94239999999996,0.6000000000000001
2016,7,East,Furniture,Bookcases,756.586,9,-56.3604,0.7
2016,7,East,Furniture,Chairs,661.77,4,103.55000000000001,0.2
2016,7,East,Furniture,Furnishings,204.348,9,27.5468,0.2
2016,7,East,Office Supplies,Appliances,1206.5,21,295.94590000000005,0.4
2016,7,East,Office Supplies,Art,75.94,19,13.4954,0.6000000000000001
2016,7,East,Office Supplies,Binders,1435.1760000000002,34,-921.4047000000002,4.1
2016,7,East,Office Supplies,Fasteners,43.68,16,20.2188,0
2016,7,East,Office Supplies,Labels,40.61,3,17.3198,0.2
2016,7,East,Office Supplies,Paper,337.75600000000003,29,136.9412,0.4
2016,7,East,Office Supplies,Storage,546.25,16,24.136399999999995,0.8
2016,7,East,Office Supplies,Supplies,17.472,4,1.7478,0.4
2016,7,East,Technology,Accessories,30.84,3,6.168,0
2016,7,East,Technology,Copiers,1439.976,4,191.9968,0.4
2016,7,East,Technology,Machines,341.991,3,-319.1916,0.7
2016,7,East,Technology,Phones,1385.302,16,166.61649999999997,1.2000000000000002
2016,7,South,Furniture,Bookcases,504.9,5,126.225,0
2016,7,South,Furniture,Chairs,504.73,6,39.4268,0.2
2016,7,South,Furniture,Furnishings,237.33,7,91.61280000000001,0
2016,7,South,Furniture,Tables,2430.08,8,388.8128,0
2016,7,South,Office Supplies,Appliances,23.696,2,6.5164,0.2
2016,7,South,Office Supplies,Art,138.436,12,32.6062,0.2
2016,7,South,Office Supplies,Binders,265.71,26,88.8502,1.4
2016,7,South,Office Supplies,Envelopes,10.2,5,4.794,0
2016,7,South,Office Supplies,Labels,6.264,3,2.0358,0.2
2016,7,South,Office Supplies,Paper,400.50399999999996,24,192.679,0.2
2016,7,South,Office Supplies,Storage,800.5699999999999,10,27.6233,0.2
2016,7,South,Office Supplies,Supplies,45.584,7,5.1282,0.2
2016,7,South,Technology,Accessories,104.98,4,25.4852,0
2016,7,South,Technology,Machines,265.475,1,-111.4995,0.5
2016,7,South,Technology,Phones,823.96,5,51.4975,0.2
2016,7,West,Furniture,Bookcases,1279.165,5,225.735,0.15
2016,7,West,Furniture,Chairs,3016.2400000000007,19,183.11839999999998,1.4
2016,7,West,Furniture,Furnishings,659.4799999999999,40,220.8304,0
2016,7,West,Furniture,Tables,863.128,7,-32.3673,0.2
2016,7,West,Office Supplies,Appliances,867.26,9,228.94459999999998,0
2016,7,West,Office Supplies,Art,83.15,11,24.025399999999998,0
2016,7,West,Office Supplies,Binders,229.65599999999998,30,-5.276800000000001,3.6000000000000005
2016,7,West,Office Supplies,Envelopes,463.85999999999996,7,218.01420000000002,0
2016,7,West,Office Supplies,Fasteners,25.44,8,10.8192,0
2016,7,West,Office Supplies,Labels,116.06,13,54.453700000000005,0
2016,7,West,Office Supplies,Paper,180.38,10,71.2056,0.2
2016,7,West,Office Supplies,Storage,1157.1840000000002,22,-11.760200000000008,0.8
2016,7,West,Office Supplies,Supplies,164.4,15,41.655,0.2
2016,7,West,Technology,Accessories,818.37,6,222.5538,0
2016,7,West,Technology,Copiers,4299.91,10,1394.9715,0.2
2016,7,West,Technology,Phones,1057.2,29,99.4189,1.7999999999999998
2016,8,Central,Furniture,Bookcases,398.3328,4,-28.694799999999997,0.32
2016,8,Central,Furniture,Chairs,1024.716,6,-29.2776,0.3
2016,8,Central,Furniture,Furnishings,37.504,10,-16.132,1.7999999999999998
2016,8,Central,Furniture,Tables,447.84,4,98.5248,0
2016,8,Central,Office Supplies,Appliances,58.924,1,-153.2024,0.8
2016,8,Central,Office Supplies,Art,8.64,3,2.5056,0
2016,8,Central,Office Supplies,Binders,163.252,36,0.9693999999999932,4.8
2016,8,Central,Office Supplies,Envelopes,81.54,3,38.3238,0
2016,8,Central,Office Supplies,Fasteners,11.168,4,3.6296,0.2
2016,8,Central,Office Supplies,Labels,62.790000000000006,7,29.259300000000003,0
2016,8,Central,Office Supplies,Paper,371.136,37,137.04960000000003,1.4
2016,8,Central,Office Supplies,Storage,780.3940000000001,12,-165.0824,0.6000000000000001
2016,8,Central,Office Supplies,Supplies,292.064,11,-39.4996,0.6000000000000001
2016,8,Central,Technology,Accessories,3019.5040000000004,39,254.74689999999998,0.8
2016,8,Central,Technology,Phones,224.75,5,62.7822,0
2016,8,East,Furniture,Bookcases,163.88,4,-81.94,0.5
2016,8,East,Furniture,Chairs,1505.682,13,-202.9136,0.5
2016,8,East,Furniture,Furnishings,19.312,2,3.1382,0.2
2016,8,East,Furniture,Tables,1510.975,16,-441.4162,1.5
2016,8,East,Office Supplies,Appliances,1509.6719999999998,16,389.022,0.2
2016,8,East,Office Supplies,Art,131.764,27,36.8142,0.4
2016,8,East,Office Supplies,Binders,687.48,44,168.47649999999996,3.5999999999999996
2016,8,East,Office Supplies,Envelopes,134.288,2,45.3222,0.2
2016,8,East,Office Supplies,Fasteners,22.264,11,2.8746,0.2
2016,8,East,Office Supplies,Labels,100.24,10,33.831,0.2
2016,8,East,Office Supplies,Paper,275.39,14,130.2619,0
2016,8,East,Office Supplies,Storage,1645.244,8,289.7726,0.2
2016,8,East,Office Supplies,Supplies,27.93,3,8.0997,0
2016,8,East,Technology,Accessories,577.894,12,149.6711,0.4
2016,8,East,Technology,Phones,952.9420000000001,21,-119.4919,1.2000000000000002
2016,8,South,Furniture,Chairs,225.296,2,22.5296,0.2
2016,8,South,Furniture,Furnishings,296.34,12,87.1548,0
2016,8,South,Furniture,Tables,562.2925,7,-255.5875,0.45
2016,8,South,Office Supplies,Appliances,586.876,6,68.7546,0.2
2016,8,South,Office Supplies,Art,197.05,7,59.115,0
2016,8,South,Office Supplies,Binders,49.769999999999996,20,-8.479800000000001,2.0999999999999996
2016,8,South,Office Supplies,Fasteners,23.34,3,0.2334,0
2016,8,South,Office Supplies,Labels,135.982,18,65.19319999999999,0.4
2016,8,South,Office Supplies,Paper,87.648,16,29.523600000000002,0.8
2016,8,South,Office Supplies,Supplies,63.108000000000004,4,14.024000000000001,0.2
2016,8,South,Technology,Accessories,71.98,2,15.1158,0
2016,8,South,Technology,Phones,750.328,9,75.0328,0.4
2016,8,West,Furniture,Chairs,2135.84,10,60.243199999999995,0.4
2016,8,West,Furniture,Furnishings,457.398,10,69.5106,0.2
2016,8,West,Furniture,Tables,3697.824,15,220.71480000000003,0.8
2016,8,West,Office Supplies,Appliances,699.308,16,173.8444,0.2
2016,8,West,Office Supplies,Art,14.02,4,5.47,0
2016,8,West,Office Supplies,Binders,167.578,40,10.9448,2.8
2016,8,West,Office Supplies,Envelopes,146.76,8,68.9772,0
2016,8,West,Office Supplies,Fasteners,10.23,3,4.9104,0
2016,8,West,Office Supplies,Labels,3.15,1,1.512,0
2016,8,West,Office Supplies,Paper,376.91999999999996,41,173.5323,0.2
2016,8,West,Office Supplies,Storage,17.94,3,3.0498,0
2016,8,West,Office Supplies,Supplies,15.88,4,0.1588,0
2016,8,West,Technology,Accessories,434.94,6,178.1748,0
2016,8,West,Technology,Machines,943.152,9,98.44380000000001,0.4
2016,8,West,Technology,Phones,2696.912,32,212.5482,1.9999999999999998
2016,9,Central,Furniture,Bookcases,3551.6744000000003,15,-542.2504,0.94
2016,9,Central,Furniture,Chairs,2696.597,22,-227.9023,1.2
2016,9,Central,Furniture,Furnishings,1782.782,45,240.19250000000002,3
2016,9,Central,Furniture,Tables,902.4000000000001,8,-335.127,0.8
2016,9,Central,Office Supplies,Appliances,988.442,17,-187.75269999999998,1.7000000000000002
2016,9,Central,Office Supplies,Art,333.876,24,68.1968,0.6000000000000001
2016,9,Central,Office Supplies,Binders,666.7680000000001,51,-718.7088,6.3999999999999995
2016,9,Central,Office Supplies,Envelopes,125.056,6,44.7354,0.4
2016,9,Central,Office Supplies,Fasteners,46.058,18,10.2528,0.4
2016,9,Central,Office Supplies,Labels,87.626,23,34.7877,0.6000000000000001
2016,9,Central,Office Supplies,Paper,469.632,45,193.4651,1
2016,9,Central,Office Supplies,Storage,1576.116,36,265.6449,1
2016,9,Central,Office Supplies,Supplies,16.9,2,5.07,0
2016,9,Central,Technology,Accessories,997.0440000000001,17,276.79679999999996,0.4
2016,9,Central,Technology,Machines,1362.9,3,-19.47,0.3
2016,9,Central,Technology,Phones,1899.334,31,328.4796,0.6000000000000001
2016,9,East,Furniture,Bookcases,1765.152,14,109.0578,0.4
2016,9,East,Furniture,Chairs,2802.609,17,280.29749999999996,1.5999999999999999
2016,9,East,Furniture,Furnishings,1460.5559999999998,48,251.3372,1.2
2016,9,East,Office Supplies,Appliances,886.986,7,209.9075,0.2
2016,9,East,Office Supplies,Art,98.808,11,21.775199999999998,0.8
2016,9,East,Office Supplies,Binders,7490.218999999999,71,1303.7864999999997,6.700000000000002
2016,9,East,Office Supplies,Envelopes,63.968,2,19.99,0.2
2016,9,East,Office Supplies,Fasteners,16.688,7,5.4236,0.2
2016,9,East,Office Supplies,Labels,105.69599999999998,21,44.971000000000004,0.4
2016,9,East,Office Supplies,Paper,424.91400000000004,39,189.43860000000006,1
2016,9,East,Office Supplies,Storage,2552.2500000000005,34,398.6403,0.8
2016,9,East,Office Supplies,Supplies,61.6,10,17.9735,0
2016,9,East,Technology,Accessories,580.03,11,250.2172,0
2016,9,East,Technology,Phones,1953.016,24,65.3851,1.2000000000000002
2016,9,South,Furniture,Chairs,1999.242,11,491.9293,0.2
2016,9,South,Furniture,Furnishings,72.968,7,24.056400000000004,0.2
2016,9,South,Furniture,Tables,2508.896,10,-2.8904999999999745,0.8500000000000001
2016,9,South,Office Supplies,Appliances,396.624,11,43.5306,0.4
2016,9,South,Office Supplies,Art,204.62600000000003,27,39.664,0.8
2016,9,South,Office Supplies,Binders,401.05899999999997,47,24.160500000000003,3.5
2016,9,South,Office Supplies,Envelopes,130.514,7,43.0475,0.4
2016,9,South,Office Supplies,Fasteners,11.34,3,5.2164,0
2016,9,South,Office Supplies,Labels,44.62,5,18.624200000000002,0.4
2016,9,South,Office Supplies,Paper,383.60799999999995,23,172.989,0.6000000000000001
2016,9,South,Office Supplies,Storage,1216.15,18,157.1787,0
2016,9,South,Office Supplies,Supplies,5.04,2,0.1512,0
2016,9,South,Technology,Accessories,1960.4439999999997,21,417.08489999999995,0.6000000000000001
2016,9,South,Technology,Copiers,1599.92,8,751.9624,0
2016,9,South,Technology,Machines,396,4,190.08,0
2016,9,South,Technology,Phones,692.4,17,70.8574,0.6000000000000001
2016,9,West,Furniture,Bookcases,1340.1695,11,132.3836,0.44999999999999996
2016,9,West,Furniture,Chairs,3797.992,34,111.3804,1.7999999999999998
2016,9,West,Furniture,Furnishings,345.52000000000004,32,99.3962,0.8
2016,9,West,Furniture,Tables,2236.323,10,70.7418,0.8999999999999999
2016,9,West,Office Supplies,Appliances,254.35999999999999,10,70.8712,0
2016,9,West,Office Supplies,Art,171.958,38,56.3818,0.4
2016,9,West,Office Supplies,Binders,1021.8139999999999,57,333.6826,4.300000000000001
2016,9,West,Office Supplies,Envelopes,409.5799999999999,13,192.9034,0
2016,9,West,Office Supplies,Fasteners,14.830000000000002,5,6.603800000000001,0
2016,9,West,Office Supplies,Labels,98.34400000000001,21,46.0075,0.2
2016,9,West,Office Supplies,Paper,1198.402,93,563.7221999999999,0.6000000000000001
2016,9,West,Office Supplies,Storage,1269.346,25,6.144100000000001,0.2
2016,9,West,Office Supplies,Supplies,19.92,5,5.5656,0
2016,9,West,Technology,Accessories,3599.6099999999997,26,701.2211000000001,0
2016,9,West,Technology,Copiers,4279.916,10,1556.9694,0.4
2016,9,West,Technology,Phones,3562.791999999999,26,322.4295,1.5999999999999999
2016,10,Central,Furniture,Chairs,425.656,4,66.59700000000001,0.3
2016,10,Central,Furniture,Furnishings,400.118,44,-177.57399999999998,3
2016,10,Central,Office Supplies,Appliances,2796.18,10,1003.6512,0
2016,10,Central,Office Supplies,Art,106.966,13,21.8054,0.6000000000000001
2016,10,Central,Office Supplies,Binders,943.4780000000001,27,381.1656,1.6
2016,10,Central,Office Supplies,Envelopes,75.4,9,24.505,0.4
2016,10,Central,Office Supplies,Fasteners,25.248,4,7.89,0.2
2016,10,Central,Office Supplies,Labels,109.76400000000001,19,44.6124,0.2
2016,10,Central,Office Supplies,Paper,170.98399999999998,18,57.9949,1
2016,10,Central,Office Supplies,Storage,386.28000000000003,12,16.3204,0
2016,10,Central,Office Supplies,Supplies,21.96,2,6.1488,0
2016,10,Central,Technology,Accessories,2027.318,17,580.0043999999999,0.6000000000000001
2016,10,Central,Technology,Copiers,17499.95,5,8399.976,0
2016,10,Central,Technology,Phones,843.0500000000001,14,327.7639,0
2016,10,East,Furniture,Bookcases,1164.9,5,283.5172,0
2016,10,East,Furniture,Chairs,1519.771,25,159.9194,0.5
2016,10,East,Furniture,Furnishings,1289.692,19,141.76420000000002,0.2
2016,10,East,Furniture,Tables,1373.3180000000002,6,-408.9698,1.5000000000000002
2016,10,East,Office Supplies,Appliances,73.11,6,19.622999999999998,0
2016,10,East,Office Supplies,Art,169.222,16,50.6096,0.2
2016,10,East,Office Supplies,Binders,430.26,16,196.4138,0.4
2016,10,East,Office Supplies,Fasteners,40.67,7,12.6077,0
2016,10,East,Office Supplies,Labels,29.828,7,13.1788,0.2
2016,10,East,Office Supplies,Paper,637.746,26,300.2384,0.2
2016,10,East,Office Supplies,Storage,1480.46,26,100.42040000000001,0
2016,10,East,Office Supplies,Supplies,7.36,2,0.1472,0
2016,10,East,Technology,Accessories,98.16,6,9.816,0
2016,10,East,Technology,Copiers,5399.91,9,2591.9568,0
2016,10,East,Technology,Phones,1351.058,19,210.3677,0.8
2016,10,South,Furniture,Chairs,393.572,2,85.91399999999999,0.2
2016,10,South,Furniture,Furnishings,435.124,22,96.84179999999999,1
2016,10,South,Office Supplies,Appliances,43.26,3,14.2758,0
2016,10,South,Office Supplies,Art,30.976,8,5.0336,0.2
2016,10,South,Office Supplies,Binders,364.42600000000004,36,17.409400000000005,4.2
2016,10,South,Office Supplies,Envelopes,101.548,10,45.7326,0.2
2016,10,South,Office Supplies,Paper,164.23999999999998,10,59.625600000000006,0.6000000000000001
2016,10,South,Office Supplies,Storage,499.39200000000005,14,-60.8715,0.4
2016,10,South,Office Supplies,Supplies,33.376000000000005,4,-2.9428,0.4
2016,10,South,Technology,Accessories,22.704,1,5.9598,0.2
2016,10,South,Technology,Phones,1076.616,11,116.1492,0.6000000000000001
2016,10,West,Furniture,Bookcases,211.548,5,-169.5582,0.85
2016,10,West,Furniture,Chairs,3571.88,26,181.22,1.4
2016,10,West,Furniture,Furnishings,359.54799999999994,24,61.2364,0.4
2016,10,West,Furniture,Tables,727.45,5,-465.568,0.5
2016,10,West,Office Supplies,Appliances,43.92,4,11.8584,0
2016,10,West,Office Supplies,Art,146.878,14,41.0028,0.2
2016,10,West,Office Supplies,Binders,4956.712,46,1695.3347,4.1000000000000005
2016,10,West,Office Supplies,Fasteners,118.05000000000001,21,12.281999999999998,0
2016,10,West,Office Supplies,Labels,6.16,2,2.9568,0
2016,10,West,Office Supplies,Paper,528.22,48,249.359,0
2016,10,West,Office Supplies,Storage,1673.8400000000001,19,313.2196,0
2016,10,West,Office Supplies,Supplies,65.88,6,18.4464,0
2016,10,West,Technology,Accessories,1354.93,20,321.534,0.2
2016,10,West,Technology,Machines,1541.31,9,-875.4599999999999,0.8999999999999999
2016,10,West,Technology,Phones,318.368,4,19.6797,0.4
2016,11,Central,Furniture,Bookcases,1298.6248,9,-170.38400000000001,0.32
2016,11,Central,Furniture,Chairs,1313.46,18,-29.298899999999996,0.8999999999999999
2016,11,Central,Furniture,Furnishings,463.9319999999999,33,-392.38779999999997,4.2
2016,11,Central,Furniture,Tables,5110.678,23,410.2175,0.3
2016,11,Central,Office Supplies,Appliances,259.932,11,56.2296,0.1
2016,11,Central,Office Supplies,Art,212.21199999999996,35,55.360099999999996,1
2016,11,Central,Office Supplies,Binders,499.39,54,145.86149999999998,6.3999999999999995
2016,11,Central,Office Supplies,Envelopes,328.488,11,143.21069999999997,0.2
2016,11,Central,Office Supplies,Fasteners,62.712,15,22.756800000000002,0.4
2016,11,Central,Office Supplies,Labels,129.146,11,52.705600000000004,0.6000000000000001
2016,11,Central,Office Supplies,Paper,598.47,34,262.7162,1.2
2016,11,Central,Office Supplies,Storage,2302.7160000000003,38,71.7742,1.2
2016,11,Central,Technology,Accessories,1429.9260000000002,50,218.9057,1.9999999999999998
2016,11,Central,Technology,Phones,2900.63,36,623.0791999999999,1
2016,11,East,Furniture,Bookcases,200.538,5,-35.9268,0.7
2016,11,East,Furniture,Chairs,5440.469,43,-22.289799999999993,2.3
2016,11,East,Furniture,Furnishings,658.752,35,184.5792,1
2016,11,East,Furniture,Tables,313.176,2,-120.0508,0.4
2016,11,East,Office Supplies,Appliances,557.684,14,81.49799999999999,0.6000000000000001
2016,11,East,Office Supplies,Art,330.09000000000003,21,92.8612,0
2016,11,East,Office Supplies,Binders,1481.312,70,-109.18209999999996,6.400000000000002
2016,11,East,Office Supplies,Envelopes,40.752,3,15.282,0.2
2016,11,East,Office Supplies,Fasteners,83.696,33,19.0908,1
2016,11,East,Office Supplies,Labels,42.651999999999994,15,16.4556,0.4
2016,11,East,Office Supplies,Paper,729.6859999999999,50,305.1016,1.2
2016,11,East,Office Supplies,Storage,1176.3,35,160.65729999999996,0.4
2016,11,East,Office Supplies,Supplies,14.72,5,-3.312,0.2
2016,11,East,Technology,Accessories,1071.156,33,99.4263,1.2
2016,11,East,Technology,Copiers,1199.976,4,179.9964,0.4
2016,11,East,Technology,Machines,4850.25,20,-6505.8836,1.4
2016,11,East,Technology,Phones,4790.88,38,799.4547999999999,1.6
2016,11,South,Furniture,Bookcases,891.448,9,61.2704,0.4
2016,11,South,Furniture,Chairs,1122.594,8,243.9585,0.2
2016,11,South,Furniture,Furnishings,1140.924,20,170.053,0.4
2016,11,South,Furniture,Tables,2680.2870000000003,24,-445.80240000000003,1.25
2016,11,South,Office Supplies,Appliances,713.928,5,54.6042,0.4
2016,11,South,Office Supplies,Art,77.07,13,21.1708,0.2
2016,11,South,Office Supplies,Binders,154.75600000000003,22,51.3554,2.0999999999999996
2016,11,South,Office Supplies,Envelopes,251.79,3,118.3413,0
2016,11,South,Office Supplies,Fasteners,30.740000000000002,7,14.8626,0
2016,11,South,Office Supplies,Paper,216.74800000000002,17,85.9368,0.8
2016,11,South,Office Supplies,Storage,2547.6479999999997,23,400.3609,0.4
2016,11,South,Office Supplies,Supplies,237.512,9,-28.8927,0.4
2016,11,South,Technology,Accessories,2011.6100000000001,15,667.9751,0
2016,11,South,Technology,Machines,3040,8,1459.2,0
2016,11,South,Technology,Phones,479.5,10,65.8842,0.6000000000000001
2016,11,West,Furniture,Bookcases,3406.664,8,160.3136,0.15
2016,11,West,Furniture,Chairs,5296.5599999999995,30,176.95579999999998,1.9999999999999998
2016,11,West,Furniture,Furnishings,1771.17,48,637.0307,0
2016,11,West,Furniture,Tables,674.352,3,-8.4294,0.2
2016,11,West,Office Supplies,Appliances,1446.52,25,531.9636,0
2016,11,West,Office Supplies,Art,307.35,26,86.9688,0
2016,11,West,Office Supplies,Binders,2793.9399999999996,104,940.1916,6.300000000000002
2016,11,West,Office Supplies,Envelopes,186.53,8,90.8317,0
2016,11,West,Office Supplies,Fasteners,15.26,7,5.0358,0
2016,11,West,Office Supplies,Labels,738.894,19,279.64289999999994,0.2
2016,11,West,Office Supplies,Paper,783.872,40,364.57840000000004,0.6000000000000001
2016,11,West,Office Supplies,Storage,1030.968,19,260.8176,0.2
2016,11,West,Office Supplies,Supplies,103.794,17,20.0882,0.2
2016,11,West,Technology,Accessories,3568.6839999999997,41,985.5323000000001,0.2
2016,11,West,Technology,Machines,866.391,5,-174.7674,0.8999999999999999
2016,11,West,Technology,Phones,932.0559999999999,9,85.8707,1
2016,12,Central,Furniture,Bookcases,1329.096,19,-119.64439999999999,0.62
2016,12,Central,Furniture,Chairs,6584.284,40,1268.777,0.8999999999999999
2016,12,Central,Furniture,Furnishings,333.43799999999993,23,-104.8026,1.2
2016,12,Central,Furniture,Tables,2234.9,5,336.1644,0
2016,12,Central,Office Supplies,Appliances,220.233,16,19.4042,1.7000000000000002
2016,12,Central,Office Supplies,Art,46.224,15,9.799199999999999,0.4
2016,12,Central,Office Supplies,Binders,10193.642,40,5060.2771,2.4000000000000004
2016,12,Central,Office Supplies,Fasteners,24.85,7,11.6795,0
2016,12,Central,Office Supplies,Labels,57.312,12,18.6264,0.4
2016,12,Central,Office Supplies,Paper,369.964,42,136.84720000000002,1.2
2016,12,Central,Office Supplies,Storage,323.23,5,86.73490000000001,0
2016,12,Central,Office Supplies,Supplies,20.568,3,1.5426,0.2
2016,12,Central,Technology,Accessories,308.5,13,42.4668,0.4
2016,12,Central,Technology,Phones,3289.0799999999995,43,513.3548,0.8
2016,12,East,Furniture,Bookcases,81.94,1,20.485,0
2016,12,East,Furniture,Chairs,5738.923999999999,29,679.2492,0.8999999999999999
2016,12,East,Furniture,Furnishings,1892.63,42,502.1351000000001,0.2
2016,12,East,Furniture,Tables,1407.807,10,-468.3202,1.5000000000000002
2016,12,East,Office Supplies,Appliances,1783.928,16,432.21750000000003,0.6000000000000001
2016,12,East,Office Supplies,Art,65.16000000000001,22,20.717599999999997,0.2
2016,12,East,Office Supplies,Binders,4399.901000000001,75,1647.9646000000005,5.900000000000002
2016,12,East,Office Supplies,Envelopes,471.61,11,214.4183,0
2016,12,East,Office Supplies,Fasteners,57.604,21,24.8142,0.2
2016,12,East,Office Supplies,Labels,143.774,11,65.74849999999999,0.2
2016,12,East,Office Supplies,Paper,404.2320000000001,33,187.40039999999996,0.4
2016,12,East,Office Supplies,Storage,4387.1720000000005,42,833.4863000000003,0.4
2016,12,East,Office Supplies,Supplies,62.752,8,12.664000000000001,0.4
2016,12,East,Technology,Accessories,592.072,12,130.5701,0.4
2016,12,East,Technology,Copiers,2479.944,6,989.9789999999999,0.2
2016,12,East,Technology,Phones,3675.75,24,234.3878,0.4
2016,12,South,Furniture,Furnishings,1547.1100000000001,27,527.5664,0
2016,12,South,Furniture,Tables,1136.8339999999998,10,129.2052,0.4
2016,12,South,Office Supplies,Appliances,2334.022,12,721.8751,0.4
2016,12,South,Office Supplies,Art,78.88199999999999,17,11.0211,0.6000000000000001
2016,12,South,Office Supplies,Binders,341.202,21,-214.8388,3.5
2016,12,South,Office Supplies,Labels,2.61,1,1.2006,0
2016,12,South,Office Supplies,Paper,333.336,32,137.8476,0.8
2016,12,South,Office Supplies,Storage,1210.0919999999999,15,30.3813,0.4
2016,12,South,Office Supplies,Supplies,1002.1800000000001,10,-192.5115,0.2
2016,12,South,Technology,Accessories,1056.582,24,292.70579999999995,0.6000000000000001
2016,12,South,Technology,Phones,1854.1720000000003,16,304.43219999999997,0.6000000000000001
2016,12,West,Furniture,Bookcases,205.666,2,-12.098,0.15
2016,12,West,Furniture,Chairs,2627.424,27,70.51339999999999,1.5999999999999999
2016,12,West,Furniture,Furnishings,1775.344,59,509.45880000000005,0.4
2016,12,West,Furniture,Tables,9783.318,49,-510.01779999999997,3.2000000000000006
2016,12,West,Office Supplies,Appliances,413.86799999999994,20,116.31719999999999,0.4
2016,12,West,Office Supplies,Art,206.016,46,55.224599999999995,0.4
2016,12,West,Office Supplies,Binders,2290.5020000000004,111,676.9432,7.000000000000003
2016,12,West,Office Supplies,Envelopes,188.322,16,86.85090000000001,0.2
2016,12,West,Office Supplies,Fasteners,13.86,7,0,0
2016,12,West,Office Supplies,Labels,36.096000000000004,11,15.057599999999999,0.2
2016,12,West,Office Supplies,Paper,1219.2780000000002,82,572.5442,0.2
2016,12,West,Office Supplies,Storage,4670.124,48,623.2056,0.2
2016,12,West,Office Supplies,Supplies,625.02,9,41.2074,0
2016,12,West,Technology,Accessories,3795.316,53,1003.3673000000001,1
2016,12,West,Technology,Machines,281.53000000000003,3,-383.2,0.8999999999999999
2016,12,West,Technology,Phones,4989.816,40,461.9054,2.1999999999999997
2017,1,Central,Furniture,Bookcases,212.94,3,53.235,0
2017,1,Central,Furniture,Chairs,613.414,7,46.0056,0.3
2017,1,Central,Furniture,Furnishings,209.87,17,-159.7038,0.6
2017,1,Central,Furniture,Tables,1193.7849999999999,8,-195.714,0.8
2017,1,Central,Office Supplies,Appliances,20.656,4,-52.401199999999996,1.6
2017,1,Central,Office Supplies,Art,311.936,19,75.7014,0.8
2017,1,Central,Office Supplies,Binders,6440.205999999999,56,1330.3055,4.8
2017,1,Central,Office Supplies,Envelopes,268.576,4,90.6444,0.2
2017,1,Central,Office Supplies,Fasteners,17.64,7,5.014799999999999,0.2
2017,1,Central,Office Supplies,Labels,17.52,7,6.276,0.4
2017,1,Central,Office Supplies,Paper,487.52,25,235.2399,0
2017,1,Central,Office Supplies,Storage,944.504,18,-51.949600000000004,0.6000000000000001
2017,1,Central,Office Supplies,Supplies,4195.7300000000005,9,86.05300000000001,0.2
2017,1,Central,Technology,Accessories,902.4460000000001,23,212.14419999999998,0.4
2017,1,Central,Technology,Machines,3410.955,5,832.0843,0.2
2017,1,Central,Technology,Phones,2442.958,12,352.99899999999997,0.2
2017,1,East,Furniture,Chairs,1095.117,6,-61.067099999999996,0.4
2017,1,East,Furniture,Furnishings,118.544,8,30.776,0.4
2017,1,East,Office Supplies,Appliances,2501.4840000000004,12,468.5674,0.4
2017,1,East,Office Supplies,Art,22.304000000000002,7,3.2496,0.4
2017,1,East,Office Supplies,Binders,274.491,3,-228.7425,0.7
2017,1,East,Office Supplies,Envelopes,2.04,1,0.9588,0
2017,1,East,Office Supplies,Labels,5.22,2,2.4012,0
2017,1,East,Office Supplies,Paper,166.676,17,75.4656,0.2
2017,1,East,Technology,Accessories,521.886,12,148.4715,0.2
2017,1,East,Technology,Phones,675.522,8,-84.21109999999999,0.8
2017,1,South,Furniture,Chairs,419.136,4,-68.1096,0.2
2017,1,South,Furniture,Furnishings,62.72,4,24.4608,0
2017,1,South,Office Supplies,Art,15.47,7,4.1769,0
2017,1,South,Office Supplies,Binders,132.48399999999998,37,-51.739399999999996,4.2
2017,1,South,Office Supplies,Envelopes,40.08,4,13.985399999999998,0.4
2017,1,South,Office Supplies,Fasteners,5.67,3,0.1134,0
2017,1,South,Office Supplies,Paper,36.288,7,12.7008,0.2
2017,1,South,Office Supplies,Storage,348.208,7,30.4682,0.2
2017,1,South,Technology,Machines,695.7,2,-27.828,0.5
2017,1,South,Technology,Phones,3059.834,14,772.0738,0.4
2017,1,West,Furniture,Bookcases,84.98,1,18.6956,0
2017,1,West,Furniture,Chairs,120.784,1,-13.5882,0.2
2017,1,West,Furniture,Furnishings,540.09,18,220.18900000000002,0
2017,1,West,Furniture,Tables,1292.652,9,65.3805,0.2
2017,1,West,Office Supplies,Appliances,25.86,3,6.7236,0
2017,1,West,Office Supplies,Art,84.62,26,27.5756,0
2017,1,West,Office Supplies,Binders,2589.6420000000003,40,865.7366,2.0999999999999996
2017,1,West,Office Supplies,Envelopes,9.78,1,4.89,0
2017,1,West,Office Supplies,Fasteners,19.73,9,9.2337,0
2017,1,West,Office Supplies,Paper,238.14,18,109.3014,0
2017,1,West,Office Supplies,Storage,1933.134,34,146.3361,0.2
2017,1,West,Office Supplies,Supplies,118.68,8,34.1601,0
2017,1,West,Technology,Accessories,701.5780000000001,16,115.7937,0.4
2017,1,West,Technology,Copiers,2999.95,5,1379.977,0
2017,1,West,Technology,Phones,1322.224,19,217.92819999999998,1
2017,2,Central,Furniture,Bookcases,89.0664,1,-17.0274,0.32
2017,2,Central,Furniture,Chairs,600.558,3,-8.5794,0.3
2017,2,Central,Furniture,Furnishings,33.876,4,-32.4279,1.7999999999999998
2017,2,Central,Furniture,Tables,480.96,3,-269.3376,0.5
2017,2,Central,Office Supplies,Appliances,116.742,13,9.903800000000004,0.8
2017,2,Central,Office Supplies,Art,217.15200000000002,19,58.7504,0.6000000000000001
2017,2,Central,Office Supplies,Binders,498.56399999999996,11,-847.1192,2.4000000000000004
2017,2,Central,Office Supplies,Fasteners,18.368,2,6.1992,0.2
2017,2,Central,Office Supplies,Paper,490.168,8,172.3786,0.6000000000000001
2017,2,Central,Office Supplies,Storage,50.352,3,-8.1822,0.2
2017,2,Central,Technology,Accessories,175.888,3,13.004,0.4
2017,2,Central,Technology,Phones,563.128,5,-76.74789999999999,0.4
2017,2,East,Furniture,Bookcases,240.784,1,30.098,0.2
2017,2,East,Furniture,Chairs,899.43,5,-12.849,0.3
2017,2,East,Furniture,Furnishings,177.71200000000002,4,4.6004000000000005,0.4
2017,2,East,Furniture,Tables,455.97,5,-106.393,0.4
2017,2,East,Office Supplies,Appliances,32.67,3,8.4942,0
2017,2,East,Office Supplies,Art,10.71,3,2.7846,0
2017,2,East,Office Supplies,Binders,71.98,18,7.5839,2.3
2017,2,East,Office Supplies,Fasteners,21.456,9,6.9732,0.2
2017,2,East,Office Supplies,Labels,20.7,2,9.936,0
2017,2,East,Office Supplies,Paper,300.764,19,115.683,0.4
2017,2,East,Office Supplies,Storage,1031.5120000000002,10,156.77339999999998,0.2
2017,2,East,Office Supplies,Supplies,25.02,3,6.5052,0
2017,2,East,Technology,Accessories,1319.8,5,214.4675,0.2
2017,2,East,Technology,Phones,360.014,13,49.7957,0.8
2017,2,South,Furniture,Bookcases,591.89,8,84.9914,0.2
2017,2,South,Furniture,Chairs,196.784,2,-22.1382,0.2
2017,2,South,Office Supplies,Appliances,1245.86,7,361.2994,0
2017,2,South,Office Supplies,Binders,3.882,2,-2.588,0.7
2017,2,South,Office Supplies,Paper,115.296,3,40.3536,0.2
2017,2,South,Technology,Phones,29.16,3,8.4564,0
2017,2,West,Furniture,Bookcases,203.983,2,16.7986,0.15
2017,2,West,Furniture,Chairs,1855.3600000000001,7,197.5752,0.4
2017,2,West,Furniture,Furnishings,653.0540000000001,17,121.3636,0.2
2017,2,West,Furniture,Tables,386.91,9,-185.7168,0.5
2017,2,West,Office Supplies,Appliances,2126.21,20,597.7955999999999,0
2017,2,West,Office Supplies,Art,19.47,6,5.2569,0
2017,2,West,Office Supplies,Binders,52.296,9,17.7963,0.4
2017,2,West,Office Supplies,Envelopes,10.64,5,3.857,0.2
2017,2,West,Office Supplies,Fasteners,29.052,11,3.6258,0.2
2017,2,West,Office Supplies,Labels,9.82,2,4.8118,0
2017,2,West,Office Supplies,Paper,343.98,23,164.6726,0
2017,2,West,Office Supplies,Storage,545.108,11,50.280199999999994,0.2
2017,2,West,Technology,Accessories,941.482,8,395.8795,0.2
2017,2,West,Technology,Machines,239.984,2,38.9974,0.2
2017,2,West,Technology,Phones,2397.568,31,215.2362,1.5999999999999999
2017,3,Central,Furniture,Bookcases,1228.6648,7,-66.3332,0.64
2017,3,Central,Furniture,Chairs,4874.952,24,975.8061,0.8999999999999999
2017,3,Central,Furniture,Furnishings,249.774,12,-94.40010000000001,1.2
2017,3,Central,Furniture,Tables,933.408,4,-173.3472,0.3
2017,3,Central,Office Supplies,Appliances,123.476,16,-324.8028,2.4000000000000004
2017,3,Central,Office Supplies,Art,136.536,16,15.364199999999999,0.8
2017,3,Central,Office Supplies,Binders,1265.586,39,106.65269999999997,4
2017,3,Central,Office Supplies,Envelopes,325.86,2,149.8956,0
2017,3,Central,Office Supplies,Fasteners,7.9,2,2.528,0
2017,3,Central,Office Supplies,Labels,32.452,5,14.3654,0.4
2017,3,Central,Office Supplies,Paper,837.42,36,334.33080000000007,1.5999999999999999
2017,3,Central,Office Supplies,Storage,500.00800000000004,17,50.35580000000001,0.8
2017,3,Central,Office Supplies,Supplies,6.976,4,-1.3952,0.2
2017,3,Central,Technology,Accessories,311.74800000000005,11,56.3096,0.6000000000000001
2017,3,Central,Technology,Copiers,3359.944,7,905.9848999999999,0.4
2017,3,Central,Technology,Machines,209.986,2,8.9994,0.3
2017,3,Central,Technology,Phones,1099.888,14,94.33019999999999,1
2017,3,East,Furniture,Bookcases,699.528,4,72.6744,0.2
2017,3,East,Furniture,Chairs,479.61,5,62.70140000000001,0.2
2017,3,East,Furniture,Furnishings,245.31,17,57.5595,0.8
2017,3,East,Furniture,Tables,154.764,3,-46.4292,0.4
2017,3,East,Office Supplies,Appliances,465.16,2,120.9416,0
2017,3,East,Office Supplies,Art,143.858,19,43.9209,0.2
2017,3,East,Office Supplies,Binders,281.974,27,80.3368,3.2
2017,3,East,Office Supplies,Envelopes,113.826,13,52.214099999999995,0.2
2017,3,East,Office Supplies,Labels,146.56,16,67.8657,0
2017,3,East,Office Supplies,Paper,506.14,31,239.9284,0
2017,3,East,Office Supplies,Storage,251.474,14,46.6672,0.4
2017,3,East,Office Supplies,Supplies,347.58,3,17.379,0
2017,3,East,Technology,Accessories,665.604,24,155.46,0.2
2017,3,East,Technology,Phones,3198.568,49,216.90810000000005,2
2017,3,South,Furniture,Furnishings,61,5,25.62,0
2017,3,South,Furniture,Tables,292.1,2,58.42,0
2017,3,South,Office Supplies,Appliances,1096.048,17,278.4732,0.4
2017,3,South,Office Supplies,Binders,473.02400000000006,35,129.8524,1.4
2017,3,South,Office Supplies,Envelopes,42.68,4,19.6328,0
2017,3,South,Office Supplies,Fasteners,3.76,2,1.316,0
2017,3,South,Office Supplies,Labels,33.568,6,15.406,0.2
2017,3,South,Office Supplies,Paper,17.64,4,8.1144,0
2017,3,South,Office Supplies,Storage,392.7,4,26.721000000000004,0
2017,3,South,Technology,Accessories,353.22,6,146.7549,0
2017,3,South,Technology,Copiers,2999.95,5,1439.976,0
2017,3,South,Technology,Phones,878.03,12,243.7874,0
2017,3,West,Furniture,Chairs,170.352,3,-17.0352,0.2
2017,3,West,Furniture,Furnishings,407.15,25,151.88989999999998,0
2017,3,West,Furniture,Tables,1096.8319999999999,12,-6.273200000000001,0.4
2017,3,West,Office Supplies,Appliances,788.93,21,233.7619,0
2017,3,West,Office Supplies,Art,161.69,35,56.1324,0
2017,3,West,Office Supplies,Binders,764.9040000000001,69,260.8732,3.0000000000000004
2017,3,West,Office Supplies,Envelopes,34.65,6,16.326999999999998,0
2017,3,West,Office Supplies,Fasteners,13.02,7,0.3906,0
2017,3,West,Office Supplies,Labels,11.52,4,5.6448,0
2017,3,West,Office Supplies,Paper,1189.9,43,573.4761000000001,0
2017,3,West,Office Supplies,Storage,2671.2700000000004,33,365.08500000000004,0
2017,3,West,Office Supplies,Supplies,1362.1960000000001,5,-291.7926,0.2
2017,3,West,Technology,Accessories,2621.7000000000003,38,833.7085,0
2017,3,West,Technology,Copiers,14959.928,8,6839.9767999999995,0.4
2017,3,West,Technology,Machines,532.72,2,53.272,0.2
2017,3,West,Technology,Phones,2237.3360000000002,27,39.60809999999999,1.4
2017,4,Central,Furniture,Bookcases,220.2656,4,-42.1096,0.32
2017,4,Central,Furniture,Chairs,317.058,3,-18.1176,0.3
2017,4,Central,Furniture,Furnishings,641.808,13,91.2243,1.7999999999999998
2017,4,Central,Office Supplies,Appliances,97.264,4,-243.16,0.8
2017,4,Central,Office Supplies,Art,39.336,10,7.815999999999999,0.6000000000000001
2017,4,Central,Office Supplies,Binders,770.156,46,149.51540000000003,5.6
2017,4,Central,Office Supplies,Envelopes,28.4,5,13.348,0
2017,4,Central,Office Supplies,Labels,33.12,4,11.592,0.2
2017,4,Central,Office Supplies,Paper,158.16,13,68.11439999999999,0.6000000000000001
2017,4,Central,Office Supplies,Storage,394.664,13,-46.28080000000001,0.6000000000000001
2017,4,Central,Technology,Accessories,299.052,12,84.6621,0.4
2017,4,Central,Technology,Phones,383.84,4,47.98,0.2
2017,4,East,Furniture,Bookcases,242.352,3,9.0882,0.2
2017,4,East,Furniture,Chairs,908.82,9,227.205,0
2017,4,East,Furniture,Furnishings,545.634,23,59.373400000000004,1.2
2017,4,East,Furniture,Tables,1048.35,5,-69.89,0.4
2017,4,East,Office Supplies,Appliances,458.274,13,80.2093,0.4
2017,4,East,Office Supplies,Art,165.426,19,39.3095,0.6000000000000001
2017,4,East,Office Supplies,Binders,135.144,34,-52.47819999999999,5.1000000000000005
2017,4,East,Office Supplies,Envelopes,79.94,5,36.822,0
2017,4,East,Office Supplies,Fasteners,15.08,7,5.263,0.2
2017,4,East,Office Supplies,Labels,29.130000000000003,8,14.2737,0
2017,4,East,Office Supplies,Paper,390.228,28,173.36800000000002,0.8
2017,4,East,Office Supplies,Storage,4637.255999999999,23,713.5448,1
2017,4,East,Office Supplies,Supplies,417.97999999999996,13,59.396100000000004,0
2017,4,East,Technology,Accessories,197.09,5,42.1484,0.2
2017,4,East,Technology,Phones,960.202,11,-138.1234,0.8
2017,4,South,Furniture,Bookcases,585.408,12,-46.7368,0.4
2017,4,South,Furniture,Chairs,218.352,3,-19.1058,0.2
2017,4,South,Furniture,Furnishings,776.9579999999999,34,25.6047,1
2017,4,South,Furniture,Tables,1266.2745,7,-280.2878,0.9
2017,4,South,Office Supplies,Appliances,48.888,6,7.085699999999999,0.4
2017,4,South,Office Supplies,Art,169.386,29,22.639499999999998,1.2
2017,4,South,Office Supplies,Binders,2746.6589999999997,20,1223.3198000000002,4.2
2017,4,South,Office Supplies,Labels,55.88399999999999,15,20.427,1
2017,4,South,Office Supplies,Paper,267.192,6,93.5172,0.4
2017,4,South,Office Supplies,Storage,788.6279999999999,5,66.4638,0.2
2017,4,South,Office Supplies,Supplies,477.24,4,9.5448,0
2017,4,South,Technology,Accessories,1051.74,14,136.09619999999998,0.6000000000000001
2017,4,South,Technology,Phones,995.144,7,98.08250000000001,0.6000000000000001
2017,4,West,Furniture,Bookcases,930.478,16,107.5372,0.44999999999999996
2017,4,West,Furniture,Chairs,655.056,9,-57.31739999999999,0.4
2017,4,West,Furniture,Furnishings,709.1439999999999,34,215.9946,0.2
2017,4,West,Office Supplies,Appliances,40.74,3,12.222,0
2017,4,West,Office Supplies,Art,244.14600000000002,22,70.3652,0.2
2017,4,West,Office Supplies,Binders,1263.5559999999998,47,378.52759999999995,3.3000000000000007
2017,4,West,Office Supplies,Envelopes,49.248,6,21.9824,0.2
2017,4,West,Office Supplies,Fasteners,12.71,6,4.2486,0
2017,4,West,Office Supplies,Labels,75.48,20,36.722,0
2017,4,West,Office Supplies,Paper,776.956,30,370.82349999999997,0.2
2017,4,West,Office Supplies,Storage,205.92,4,2.0592,0
2017,4,West,Technology,Accessories,594.35,20,94.86149999999999,0
2017,4,West,Technology,Machines,7349.969000000001,7,-3039.9812,0.8999999999999999
2017,4,West,Technology,Phones,552,10,34.5,0.2
2017,5,Central,Furniture,Bookcases,828.1312,8,-125.2114,0.64
2017,5,Central,Furniture,Chairs,3150.375,18,453.21560000000005,0.8999999999999999
2017,5,Central,Furniture,Furnishings,581.46,17,70.5352,2.4
2017,5,Central,Office Supplies,Appliances,1277.784,16,290.60679999999996,0.9
2017,5,Central,Office Supplies,Art,237.216,27,58.019400000000005,0.6000000000000001
2017,5,Central,Office Supplies,Binders,1103.364,41,375.60459999999995,5.6
2017,5,Central,Office Supplies,Envelopes,180.96,2,81.432,0
2017,5,Central,Office Supplies,Fasteners,32.784000000000006,10,5.2758,0.2
2017,5,Central,Office Supplies,Labels,13.216,4,4.2952,0.2
2017,5,Central,Office Supplies,Paper,316.69599999999997,32,113.3664,1.4
2017,5,Central,Office Supplies,Storage,2371.42,29,151.20159999999998,1.4
2017,5,Central,Office Supplies,Supplies,22.344,3,2.5137,0.2
2017,5,Central,Technology,Accessories,600.712,11,105.43469999999999,0.4
2017,5,Central,Technology,Phones,872.392,16,178.902,0.8
2017,5,East,Furniture,Bookcases,115.96,4,-64.9376,0.5
2017,5,East,Furniture,Chairs,896.4399999999999,12,-126.6936,0.8999999999999999
2017,5,East,Furniture,Furnishings,1033.578,30,232.1524,0.2
2017,5,East,Furniture,Tables,373.47,5,-112.041,0.4
2017,5,East,Office Supplies,Appliances,406.46999999999997,9,146.0103,0
2017,5,East,Office Supplies,Art,127.822,21,36.1091,0.2
2017,5,East,Office Supplies,Binders,1129.157,35,238.20999999999998,4.6000000000000005
2017,5,East,Office Supplies,Fasteners,11.29,3,4.2805,0.2
2017,5,East,Office Supplies,Labels,150.304,15,73.31339999999999,0.4
2017,5,East,Office Supplies,Paper,132.93599999999998,10,58.028,0.4
2017,5,East,Office Supplies,Storage,243.60399999999998,4,-49.3852,0.2
2017,5,East,Office Supplies,Supplies,17,2,4.42,0
2017,5,East,Technology,Accessories,633.388,22,180.1411,0.2
2017,5,East,Technology,Phones,847.95,5,224.3067,0
2017,5,South,Furniture,Bookcases,2488.0719999999997,17,468.5204,0.2
2017,5,South,Furniture,Chairs,3627.232,13,23.726,0.6000000000000001
2017,5,South,Furniture,Furnishings,8.01,3,3.0438,0
2017,5,South,Furniture,Tables,933.262,4,-458.1468,0.45
2017,5,South,Office Supplies,Appliances,246.448,7,69.35079999999999,0.2
2017,5,South,Office Supplies,Art,54.66,6,18.0378,0
2017,5,South,Office Supplies,Binders,347.271,34,63.734899999999996,1.4
2017,5,South,Office Supplies,Envelopes,113.922,12,45.8739,0.2
2017,5,South,Office Supplies,Labels,126.72800000000001,7,41.1866,0.4
2017,5,South,Office Supplies,Paper,577.8879999999999,29,271.3794,0.4
2017,5,South,Office Supplies,Storage,588.35,5,170.2833,0
2017,5,South,Office Supplies,Supplies,29.088,4,1.1888,0.2
2017,5,South,Technology,Accessories,166.972,14,29.4249,0.2
2017,5,South,Technology,Phones,1635.8380000000002,17,335.133,0.2
2017,5,West,Furniture,Bookcases,299.97,10,-509.94899999999996,1.4
2017,5,West,Furniture,Chairs,1463.2640000000001,23,-25.467599999999997,0.8
2017,5,West,Furniture,Furnishings,113.812,10,41.1086,0.2
2017,5,West,Furniture,Tables,1044.522,10,57.2621,0.6000000000000001
2017,5,West,Office Supplies,Appliances,647.01,17,186.0395,0
2017,5,West,Office Supplies,Art,220.30000000000004,33,64.9976,0
2017,5,West,Office Supplies,Binders,348.832,28,104.564,2.4000000000000004
2017,5,West,Office Supplies,Envelopes,44.4,11,19.014,0.2
2017,5,West,Office Supplies,Labels,96.07,11,45.1529,0
2017,5,West,Office Supplies,Paper,737.2600000000001,48,330.26709999999997,0.6000000000000001
2017,5,West,Office Supplies,Storage,1481.35,22,122.6494,0
2017,5,West,Office Supplies,Supplies,303.02,7,6.7044,0
2017,5,West,Technology,Accessories,2349.7279999999996,34,875.1365000000001,0.4
2017,5,West,Technology,Copiers,3359.952,6,1049.985,0.2
2017,5,West,Technology,Machines,343.2,1,38.61,0.2
2017,5,West,Technology,Phones,2756.456,33,244.6658,1.5999999999999999
2017,6,Central,Furniture,Bookcases,409.9992,3,-96.4704,0.32
2017,6,Central,Furniture,Chairs,3453.2000000000003,18,419.44579999999996,0.6
2017,6,Central,Furniture,Furnishings,603.8420000000001,19,-17.4176,2.4
2017,6,Central,Furniture,Tables,873.7239999999999,7,-196.3638,1.1
2017,6,Central,Office Supplies,Appliances,2793.864,17,819.1182,3.2
2017,6,Central,Office Supplies,Art,44.12,12,9.6299,0.2
2017,6,Central,Office Supplies,Binders,311.88399999999996,44,-353.2207,6.3999999999999995
2017,6,Central,Office Supplies,Labels,44.4,3,22.2,0
2017,6,Central,Office Supplies,Paper,422.854,37,144.0708,1.5999999999999999
2017,6,Central,Office Supplies,Storage,1123.63,16,5.124099999999991,0.6000000000000001
2017,6,Central,Office Supplies,Supplies,34.944,4,2.9178,0.4
2017,6,Central,Technology,Accessories,256.38,8,85.04679999999999,0
2017,6,Central,Technology,Phones,2593.92,20,365.41549999999995,1
2017,6,East,Furniture,Bookcases,1039.604,10,180.248,0.2
2017,6,East,Furniture,Chairs,1982.7659999999998,15,164.179,0.6
2017,6,East,Furniture,Furnishings,380.78400000000005,14,77.87580000000001,0.4
2017,6,East,Furniture,Tables,1429.3980000000001,7,-411.4089,0.8
2017,6,East,Office Supplies,Appliances,17.48,5,1.311,0.2
2017,6,East,Office Supplies,Art,101.70800000000001,15,23.2608,0.4
2017,6,East,Office Supplies,Binders,466.8469999999999,39,92.1214,3.5999999999999996
2017,6,East,Office Supplies,Fasteners,14.13,3,0.7065,0
2017,6,East,Office Supplies,Labels,9.82,2,4.8118,0
2017,6,East,Office Supplies,Paper,799.204,42,371.2428,0.8
2017,6,East,Office Supplies,Storage,2811.222,30,495.896,0.6000000000000001
2017,6,East,Office Supplies,Supplies,59.09,8,16.215400000000002,0
2017,6,East,Technology,Accessories,1260.58,36,234.0995,0.6000000000000001
2017,6,East,Technology,Machines,3483.16,11,1704.3886,0
2017,6,East,Technology,Phones,1305.432,25,146.81210000000002,1.6
2017,6,South,Furniture,Bookcases,319.296,4,-3.8864,0.4
2017,6,South,Furniture,Chairs,1273.864,8,129.2868,0.4
2017,6,South,Furniture,Furnishings,134.928,17,27.4566,1
2017,6,South,Furniture,Tables,573.9,5,39.717,0.4
2017,6,South,Office Supplies,Appliances,286.94,20,59.708400000000005,0.6000000000000001
2017,6,South,Office Supplies,Art,199.636,12,56.741600000000005,0.2
2017,6,South,Office Supplies,Binders,217.946,20,93.079,1.4
2017,6,South,Office Supplies,Envelopes,37.608,3,12.6927,0.2
2017,6,South,Office Supplies,Labels,13.872,6,4.6818,0.2
2017,6,South,Office Supplies,Paper,246.99200000000002,27,95.83439999999999,0.8
2017,6,South,Office Supplies,Storage,1494.76,10,102.40180000000001,0.6000000000000001
2017,6,South,Technology,Accessories,316.392,3,-6.7149,0.4
2017,6,South,Technology,Phones,3817.7860000000005,25,521.5633,0.8
2017,6,West,Furniture,Bookcases,3540.1735,22,233.29569999999995,0.6
2017,6,West,Furniture,Chairs,1784.888,12,100.5966,0.6000000000000001
2017,6,West,Furniture,Furnishings,336.82,11,110.3034,0
2017,6,West,Furniture,Tables,871.4,4,148.138,0
2017,6,West,Office Supplies,Appliances,61.44,3,16.5888,0
2017,6,West,Office Supplies,Art,673.636,48,172.52020000000005,0.6000000000000001
2017,6,West,Office Supplies,Binders,1430.364,29,407.00019999999995,1.9
2017,6,West,Office Supplies,Envelopes,43.92,5,15.921,0.2
2017,6,West,Office Supplies,Fasteners,14.184000000000001,4,-0.7659,0.2
2017,6,West,Office Supplies,Labels,112.20000000000002,12,46.8732,0.2
2017,6,West,Office Supplies,Paper,735.624,41,351.73260000000005,0.2
2017,6,West,Office Supplies,Storage,2271.04,47,284.2297,0.8
2017,6,West,Office Supplies,Supplies,16.68,2,4.3368,0
2017,6,West,Technology,Accessories,3015.482,39,715.4861,0.4
2017,6,West,Technology,Machines,385.8,5,130.2075,0.2
2017,6,West,Technology,Phones,626.168,17,43.0535,1.2
2017,7,Central,Furniture,Chairs,1011.9540000000002,10,24.889800000000008,0.3
2017,7,Central,Furniture,Furnishings,867.2700000000001,15,-322.7572,1.2
2017,7,Central,Furniture,Tables,422.52,10,-25.5852,0.6
2017,7,Central,Office Supplies,Appliances,768.284,19,81.3572,0.8
2017,7,Central,Office Supplies,Art,175.288,17,36.3999,0.6000000000000001
2017,7,Central,Office Supplies,Binders,1182.91,48,275.8369,4.8
2017,7,Central,Office Supplies,Fasteners,2.896,2,0.4706,0.2
2017,7,Central,Office Supplies,Labels,34.85,9,16.3795,0
2017,7,Central,Office Supplies,Paper,587.3040000000001,30,208.0438,1
2017,7,Central,Office Supplies,Storage,1401.396,19,156.1535,0.6000000000000001
2017,7,Central,Technology,Accessories,949.6700000000001,13,287.7543,0
2017,7,Central,Technology,Machines,597.132,3,49.761,0.4
2017,7,Central,Technology,Phones,871.4820000000001,13,239.08620000000002,0.6000000000000001
2017,7,East,Furniture,Bookcases,87.21,3,-45.3492,0.5
2017,7,East,Furniture,Chairs,1098.0259999999998,14,98.81160000000001,0.7999999999999999
2017,7,East,Furniture,Furnishings,972.114,34,262.61269999999996,0.6000000000000001
2017,7,East,Furniture,Tables,664.179,6,-187.41910000000001,1.1
2017,7,East,Office Supplies,Appliances,17.48,4,4.5448,0
2017,7,East,Office Supplies,Art,423.22,39,136.492,0.2
2017,7,East,Office Supplies,Binders,1045.682,29,345.7098,2.6999999999999997
2017,7,East,Office Supplies,Labels,52.534,8,24.5476,0.2
2017,7,East,Office Supplies,Paper,648.2399999999999,46,288.41459999999995,1.5999999999999999
2017,7,East,Office Supplies,Storage,992.768,31,26.548399999999997,1
2017,7,East,Office Supplies,Supplies,46.936,5,5.395099999999999,0.4
2017,7,East,Technology,Accessories,1371.996,32,361.27009999999996,0.4
2017,7,East,Technology,Copiers,599.97,5,69.9965,0.4
2017,7,East,Technology,Phones,4301.468000000001,42,-273.45120000000003,2
2017,7,South,Furniture,Bookcases,302.94,3,69.6762,0
2017,7,South,Furniture,Chairs,676.44,8,51.248999999999995,0.6000000000000001
2017,7,South,Furniture,Furnishings,150.566,14,17.2003,0.4
2017,7,South,Furniture,Tables,872.94,3,157.1292,0
2017,7,South,Office Supplies,Appliances,256.698,8,67.8138,0.2
2017,7,South,Office Supplies,Art,135.54,18,37.2042,0.4
2017,7,South,Office Supplies,Binders,14.94,3,7.1712,0
2017,7,South,Office Supplies,Paper,12.96,2,6.2208,0
2017,7,South,Office Supplies,Supplies,231.72,2,11.586,0
2017,7,South,Technology,Accessories,65.424,4,5.5848,0.4
2017,7,South,Technology,Phones,581.9300000000001,12,147.1169,0.2
2017,7,West,Furniture,Bookcases,1310.125,7,236.24620000000002,0.15
2017,7,West,Furniture,Chairs,1183.328,13,21.284599999999994,1
2017,7,West,Furniture,Furnishings,1391.8099999999997,38,415.5315,0
2017,7,West,Furniture,Tables,801.6,5,-448.896,0.5
2017,7,West,Office Supplies,Appliances,168.1,5,43.706,0
2017,7,West,Office Supplies,Art,132.79,14,40.6147,0
2017,7,West,Office Supplies,Binders,228.05600000000004,28,68.6416,2.8000000000000003
2017,7,West,Office Supplies,Envelopes,57.9,5,28.95,0
2017,7,West,Office Supplies,Fasteners,10.9,7,2.4499999999999997,0
2017,7,West,Office Supplies,Labels,896.5799999999999,24,437.38470000000007,0
2017,7,West,Office Supplies,Paper,215.076,26,98.999,0.2
2017,7,West,Office Supplies,Storage,500.41999999999996,11,106.24879999999999,0
2017,7,West,Technology,Accessories,5201.67,29,1748.5216,0
2017,7,West,Technology,Copiers,2879.944,7,929.983,0.4
2017,7,West,Technology,Machines,2395.2,6,209.58,0.2
2017,7,West,Technology,Phones,3394.04,32,289.5091,1.2
2017,8,Central,Furniture,Bookcases,183.372,2,-36.6744,0.3
2017,8,Central,Furniture,Chairs,74.592,4,-2.1312,0.3
2017,8,Central,Furniture,Furnishings,203.04399999999998,9,-40.6138,1.2
2017,8,Central,Office Supplies,Appliances,769.1940000000001,18,93.53059999999999,0.8
2017,8,Central,Office Supplies,Art,23.152,11,4.244,0.6000000000000001
2017,8,Central,Office Supplies,Binders,175.722,37,-21.421200000000002,4.8
2017,8,Central,Office Supplies,Envelopes,85.36,8,42.5272,0
2017,8,Central,Office Supplies,Fasteners,35,7,16.8,0
2017,8,Central,Office Supplies,Labels,230.95999999999998,21,107.544,0.2
2017,8,Central,Office Supplies,Paper,410.51199999999994,30,163.62199999999999,1
2017,8,Central,Office Supplies,Storage,550.44,20,11.315999999999997,0.8
2017,8,Central,Office Supplies,Supplies,64.602,9,15.6473,0.2
2017,8,Central,Technology,Accessories,303.004,12,43.373799999999996,0.4
2017,8,Central,Technology,Machines,1439.982,3,-263.9967,0.4
2017,8,Central,Technology,Phones,1704.058,13,397.605,0.4
2017,8,East,Furniture,Bookcases,130.98,2,-89.0664,0.5
2017,8,East,Furniture,Chairs,6658.638000000001,16,-159.45059999999995,0.4
2017,8,East,Furniture,Furnishings,255.51999999999998,13,85.962,0
2017,8,East,Furniture,Tables,1802.956,9,-381.56,0.7
2017,8,East,Office Supplies,Appliances,744.1120000000001,10,90.0656,0.2
2017,8,East,Office Supplies,Art,601.0999999999999,36,166.6272,0.4
2017,8,East,Office Supplies,Binders,5805.18,42,1995.3315000000002,2.0999999999999996
2017,8,East,Office Supplies,Labels,58.70399999999999,16,23.117299999999997,0.4
2017,8,East,Office Supplies,Paper,345.8,17,162.64319999999998,0.4
2017,8,East,Office Supplies,Storage,1931.458,19,-308.80499999999995,0.4
2017,8,East,Office Supplies,Supplies,70.12,4,21.036,0
2017,8,East,Technology,Accessories,1143.068,16,217.6284,0.2
2017,8,East,Technology,Phones,1210.8300000000002,9,359.3902,0
2017,8,South,Furniture,Bookcases,145.74,3,23.3184,0
2017,8,South,Furniture,Chairs,1290.048,6,272.9244,0.2
2017,8,South,Furniture,Furnishings,50.168,8,7.8096000000000005,0.4
2017,8,South,Office Supplies,Appliances,447.76,17,43.6046,0.6000000000000001
2017,8,South,Office Supplies,Art,9.728,2,1.7024,0.2
2017,8,South,Office Supplies,Binders,2208.4500000000003,23,-981.0045,1.4
2017,8,South,Office Supplies,Envelopes,17.656,6,5.7744,0.4
2017,8,South,Office Supplies,Fasteners,24.32,5,9.12,0.2
2017,8,South,Office Supplies,Paper,523.096,27,185.37030000000001,1.4
2017,8,South,Office Supplies,Storage,67.136,4,-0.8392,0.2
2017,8,South,Technology,Accessories,911.6159999999999,13,265.17179999999996,0.4
2017,8,South,Technology,Phones,4675.816,19,348.1857,0.6000000000000001
2017,8,West,Furniture,Chairs,1395.7359999999999,12,94.916,0.8
2017,8,West,Furniture,Furnishings,916.2979999999999,31,260.2098,0.4
2017,8,West,Furniture,Tables,2334.782,12,286.5952,0.6000000000000001
2017,8,West,Office Supplies,Appliances,5143.5599999999995,31,1393.3963,0
2017,8,West,Office Supplies,Art,98.88,15,26.222399999999997,0
2017,8,West,Office Supplies,Binders,4683.871999999999,66,1600.0846,3.0000000000000004
2017,8,West,Office Supplies,Envelopes,32.144,3,14.8642,0.2
2017,8,West,Office Supplies,Fasteners,8.376,3,2.7222,0.2
2017,8,West,Office Supplies,Labels,109.25999999999999,12,52.502399999999994,0
2017,8,West,Office Supplies,Paper,710.55,24,326.32070000000004,0.6000000000000001
2017,8,West,Office Supplies,Storage,3989.8999999999996,56,780.8344999999999,0.4
2017,8,West,Office Supplies,Supplies,83.74799999999999,14,23.357200000000002,0.2
2017,8,West,Technology,Accessories,2603.95,22,627.4059000000001,0
2017,8,West,Technology,Copiers,1179.9740000000002,3,419.99100000000004,0.2
2017,8,West,Technology,Phones,2446.864,34,236.10340000000002,1.5999999999999999
2017,9,Central,Furniture,Bookcases,1067.134,11,-76.7488,0.3
2017,9,Central,Furniture,Chairs,2424.474,26,235.16010000000003,0.8999999999999999
2017,9,Central,Furniture,Furnishings,264.884,12,-79.4572,1.2
2017,9,Central,Furniture,Tables,1277.815,12,-632.4155,0.8
2017,9,Central,Office Supplies,Appliances,138.49,15,-194.99429999999998,2.4000000000000004
2017,9,Central,Office Supplies,Art,111.192,23,23.7312,1.4
2017,9,Central,Office Supplies,Binders,2545.8100000000004,64,-525.3500000000001,4.8
2017,9,Central,Office Supplies,Envelopes,191.256,15,64.93520000000001,0.8
2017,9,Central,Office Supplies,Fasteners,72.44800000000001,13,24.387999999999998,0.6000000000000001
2017,9,Central,Office Supplies,Labels,45.544,15,19.344800000000003,0.4
2017,9,Central,Office Supplies,Paper,526.9739999999998,63,224.50999999999996,1.9999999999999998
2017,9,Central,Office Supplies,Storage,938.9580000000001,13,50.80599999999999,0.6000000000000001
2017,9,Central,Office Supplies,Supplies,1.744,1,-0.3488,0.2
2017,9,Central,Technology,Accessories,3810.13,53,1372.9828,0.6000000000000001
2017,9,Central,Technology,Copiers,319.984,2,107.9946,0.2
2017,9,Central,Technology,Machines,336.51,3,44.868,0.4
2017,9,Central,Technology,Phones,3269.6499999999996,23,471.06,1
2017,9,East,Furniture,Bookcases,782.94,3,203.5644,0
2017,9,East,Furniture,Chairs,8960.595,45,1362.3678,1.8000000000000005
2017,9,East,Furniture,Furnishings,651.3700000000001,55,137.25310000000005,1.4
2017,9,East,Furniture,Tables,598.7460000000001,3,-282.6472,0.8
2017,9,East,Office Supplies,Appliances,103.84,8,30.113599999999998,0
2017,9,East,Office Supplies,Art,220.656,37,56.72829999999999,0.8
2017,9,East,Office Supplies,Binders,1002.676,61,-319.0151,11.099999999999998
2017,9,East,Office Supplies,Envelopes,60.664,13,25.394799999999996,0.4
2017,9,East,Office Supplies,Fasteners,19.18,8,8.753,0
2017,9,East,Office Supplies,Labels,107.21600000000001,26,41.8284,0.6000000000000001
2017,9,East,Office Supplies,Paper,1449.26,100,670.4216999999999,1.5999999999999999
2017,9,East,Office Supplies,Storage,943.6779999999999,32,201.3642,0.2
2017,9,East,Office Supplies,Supplies,4854.632,9,-1092.2922,0.4
2017,9,East,Technology,Accessories,3966.744,68,923.6928,2.4
2017,9,East,Technology,Machines,733.755,7,38.74250000000001,1.4
2017,9,East,Technology,Phones,7960.146000000001,39,486.37620000000015,1.6
2017,9,South,Furniture,Chairs,1240.24,10,136.662,0.4
2017,9,South,Furniture,Furnishings,68.96000000000001,8,17.1878,0.4
2017,9,South,Office Supplies,Appliances,1368.412,16,196.80640000000002,0.4
2017,9,South,Office Supplies,Art,282.16,28,72.748,0.4
2017,9,South,Office Supplies,Binders,2339.2540000000004,19,1074.8578,1.4
2017,9,South,Office Supplies,Envelopes,24.448,4,8.8624,0.2
2017,9,South,Office Supplies,Fasteners,14.2,4,6.674,0
2017,9,South,Office Supplies,Labels,251.694,8,93.08970000000001,0.2
2017,9,South,Office Supplies,Paper,1342.106,52,544.7794000000001,1.4
2017,9,South,Office Supplies,Storage,1725.49,37,16.5505,1
2017,9,South,Office Supplies,Supplies,43.312,5,8.012,0.2
2017,9,South,Technology,Accessories,360.34799999999996,18,83.9409,0.4
2017,9,South,Technology,Phones,1139.896,20,223.69050000000001,0.4
2017,9,West,Furniture,Bookcases,1785.7820000000002,9,-277.34839999999997,1.5499999999999998
2017,9,West,Furniture,Chairs,4286.360000000001,32,285.31669999999997,1.9999999999999998
2017,9,West,Furniture,Furnishings,1997.2899999999997,58,472.8764,0.6000000000000001
2017,9,West,Furniture,Tables,3621.6159999999995,18,46.912499999999994,0.8
2017,9,West,Office Supplies,Appliances,1476.8780000000002,26,394.76959999999997,0.4
2017,9,West,Office Supplies,Art,356.666,46,113.7027,0.4
2017,9,West,Office Supplies,Binders,6269.294999999999,106,1958.6823999999997,7.200000000000003
2017,9,West,Office Supplies,Envelopes,119.27199999999999,14,54.239799999999995,0.2
2017,9,West,Office Supplies,Fasteners,52.9,12,25.571,0
2017,9,West,Office Supplies,Labels,156.79600000000002,21,74.0854,0.2
2017,9,West,Office Supplies,Paper,1272.964,89,603.7274,0.6000000000000001
2017,9,West,Office Supplies,Storage,1339.218,32,253.7107,0.6000000000000001
2017,9,West,Office Supplies,Supplies,126.56,11,36.5558,0
2017,9,West,Technology,Accessories,1590.016,38,397.2845999999999,0.8
2017,9,West,Technology,Machines,506.28,3,177.198,0.2
2017,9,West,Technology,Phones,2949.1439999999993,38,267.2972,2.1999999999999997
2017,10,Central,Furniture,Bookcases,328.3992,3,-91.7586,0.32
2017,10,Central,Furniture,Chairs,748.02,20,-98.7222,0.8999999999999999
2017,10,Central,Furniture,Furnishings,184.40800000000002,16,41.476200000000006,1.2
2017,10,Central,Furniture,Tables,2089.871,19,-572.568,2.1
2017,10,Central,Office Supplies,Appliances,61.2,10,-157.25959999999998,2.4000000000000004
2017,10,Central,Office Supplies,Art,229.60399999999998,39,48.40590000000001,1.4
2017,10,Central,Office Supplies,Binders,2072.904,44,658.7685000000002,5.6
2017,10,Central,Office Supplies,Envelopes,25.752000000000002,5,8.7654,0.4
2017,10,Central,Office Supplies,Labels,6.16,2,2.9568,0
2017,10,Central,Office Supplies,Paper,232.002,14,92.6928,1
2017,10,Central,Office Supplies,Storage,2000.73,28,39.82639999999999,1
2017,10,Central,Technology,Accessories,957.23,11,125.9357,1
2017,10,Central,Technology,Phones,3186.056,29,499.0014,1
2017,10,East,Furniture,Bookcases,2469.252,8,113.5764,0.2
2017,10,East,Furniture,Chairs,367.146,4,5.699,0.2
2017,10,East,Furniture,Furnishings,1116.056,47,342.0986,0.4
2017,10,East,Furniture,Tables,1836.348,12,-294.12,1.2999999999999998
2017,10,East,Office Supplies,Appliances,1068.688,8,270.1948,0.2
2017,10,East,Office Supplies,Art,129.886,10,12.360299999999999,0.2
2017,10,East,Office Supplies,Binders,265.444,33,-43.34360000000001,2.7
2017,10,East,Office Supplies,Envelopes,143.56,11,63.833,0.2
2017,10,East,Office Supplies,Fasteners,17.9,5,8.771,0
2017,10,East,Office Supplies,Labels,99.13,21,42.0151,0.4
2017,10,East,Office Supplies,Paper,551.422,59,246.06729999999996,1.2
2017,10,East,Office Supplies,Storage,1300.574,24,110.8683,0.8
2017,10,East,Technology,Accessories,1179.33,17,131.7902,0.2
2017,10,East,Technology,Copiers,11199.968,4,3919.9888,0.2
2017,10,East,Technology,Machines,6904.85,15,2119.1901000000003,0
2017,10,East,Technology,Phones,3655.6459999999997,41,588.8924000000001,2
2017,10,South,Furniture,Chairs,717.892,4,51.9108,0.2
2017,10,South,Furniture,Furnishings,218.968,17,39.0523,1.2
2017,10,South,Furniture,Tables,6205.508000000001,26,-1601.0743999999997,1.2000000000000002
2017,10,South,Office Supplies,Appliances,17.92,5,1.12,0.2
2017,10,South,Office Supplies,Art,42.24,13,7.8378000000000005,0.6000000000000001
2017,10,South,Office Supplies,Binders,2021.445,30,-1264.8538999999998,3.5
2017,10,South,Office Supplies,Envelopes,251.58,7,113.211,0
2017,10,South,Office Supplies,Fasteners,30.616,7,11.1735,0.2
2017,10,South,Office Supplies,Labels,41.07,11,19.602899999999998,0
2017,10,South,Office Supplies,Paper,246.712,33,93.88299999999998,1.5999999999999999
2017,10,South,Office Supplies,Storage,1187.164,23,143.9212,0.6000000000000001
2017,10,South,Office Supplies,Supplies,35.06,2,10.518,0
2017,10,South,Technology,Accessories,18.528,2,4.4004,0.2
2017,10,South,Technology,Phones,1102.248,7,126.0624,0.6000000000000001
2017,10,West,Furniture,Bookcases,1282.0749999999998,15,-354.6496,1
2017,10,West,Furniture,Chairs,2836.376,28,-61.47430000000001,1.5999999999999999
2017,10,West,Furniture,Furnishings,204.70000000000002,16,62.904799999999994,0
2017,10,West,Furniture,Tables,1279.0490000000002,17,-109.2713,1.4999999999999998
2017,10,West,Office Supplies,Appliances,2187.72,24,641.3076000000001,0
2017,10,West,Office Supplies,Art,240.50799999999998,26,54.074299999999994,0.4
2017,10,West,Office Supplies,Binders,5779.525,72,2113.5257,4.700000000000002
2017,10,West,Office Supplies,Envelopes,8.96,2,4.3008,0
2017,10,West,Office Supplies,Fasteners,23.84,8,10.9664,0
2017,10,West,Office Supplies,Labels,246.49,25,114.97089999999999,0
2017,10,West,Office Supplies,Paper,816.494,36,350.7229,0.6000000000000001
2017,10,West,Office Supplies,Storage,1615.8200000000002,9,205.175,0
2017,10,West,Office Supplies,Supplies,39.072,6,4.3956,0.2
2017,10,West,Technology,Accessories,2876.974,52,646.4046999999999,0.4
2017,10,West,Technology,Machines,969.145,16,-447.6865,0.8999999999999999
2017,10,West,Technology,Phones,805.688,35,47.44109999999999,1.9999999999999998
2017,11,Central,Furniture,Bookcases,533.732,5,-41.7234,0.64
2017,11,Central,Furniture,Chairs,2539.3439999999996,18,82.02540000000003,1.5
2017,11,Central,Furniture,Furnishings,672.504,30,-391.3966,3
2017,11,Central,Furniture,Tables,1322.916,13,-167.2257,1.1
2017,11,Central,Office Supplies,Appliances,174.82600000000002,22,-208.2812,2.4000000000000004
2017,11,Central,Office Supplies,Art,543.268,59,110.61420000000003,1.4
2017,11,Central,Office Supplies,Binders,2508.3720000000003,72,-2121.1492000000007,8.799999999999999
2017,11,Central,Office Supplies,Envelopes,83.088,10,32.7624,0.4
2017,11,Central,Office Supplies,Fasteners,77.352,12,34.1019,0.4
2017,11,Central,Office Supplies,Labels,67.96,17,26.79,0.6000000000000001
2017,11,Central,Office Supplies,Paper,826.418,52,336.6761,1.2
2017,11,Central,Office Supplies,Storage,1698.8600000000001,34,-58.6421,1.2
2017,11,Central,Office Supplies,Supplies,36.532,6,7.3048,0.2
2017,11,Central,Technology,Accessories,730.442,27,113.5642,0.8
2017,11,Central,Technology,Phones,3339.3640000000005,28,725.9838000000001,1.4
2017,11,East,Furniture,Bookcases,505.53599999999994,4,-41.373999999999995,0.4
2017,11,East,Furniture,Chairs,3983.346,26,422.14160000000004,1.2
2017,11,East,Furniture,Furnishings,3731.966,78,738.2934,1.2
2017,11,East,Furniture,Tables,2662.146,21,-855.6606,1.6
2017,11,East,Office Supplies,Appliances,3613.89,38,792.207,0.8
2017,11,East,Office Supplies,Art,535.976,40,135.07330000000002,0.4
2017,11,East,Office Supplies,Binders,1649.97,75,459.8328,6.200000000000001
2017,11,East,Office Supplies,Envelopes,273.516,10,126.1714,0.2
2017,11,East,Office Supplies,Paper,1286.2860000000003,70,573.1170000000001,1.4
2017,11,East,Office Supplies,Storage,4422.192000000001,42,933.2696000000001,0.6000000000000001
2017,11,East,Office Supplies,Supplies,384.592,2,-81.7258,0.2
2017,11,East,Technology,Accessories,1723.044,37,606.4526999999999,1
2017,11,East,Technology,Copiers,11399.952,6,5114.9841,0.4
2017,11,East,Technology,Machines,705.435,11,-911.8371000000001,0.7
2017,11,East,Technology,Phones,8755.792,79,1379.3114000000003,2.4
2017,11,South,Furniture,Bookcases,723.92,5,-81.441,0.2
2017,11,South,Furniture,Chairs,2277.816,10,486.466,0.4
2017,11,South,Furniture,Furnishings,1643.364,29,321.1336,1.2
2017,11,South,Furniture,Tables,2305.446,10,-845.3302,0.8
2017,11,South,Office Supplies,Appliances,2292.824,17,253.9075,1
2017,11,South,Office Supplies,Art,168.468,33,23.9324,1.2
2017,11,South,Office Supplies,Binders,436.03499999999997,47,108.6312,4.9
2017,11,South,Office Supplies,Envelopes,70.168,9,26.9248,0.2
2017,11,South,Office Supplies,Fasteners,25.06,7,12.53,0
2017,11,South,Office Supplies,Labels,17.318,5,7.4242,0.2
2017,11,South,Office Supplies,Paper,559.234,56,205.7179,1.9999999999999998
2017,11,South,Office Supplies,Storage,2738.2400000000002,34,301.5014,0.6000000000000001
2017,11,South,Office Supplies,Supplies,2.944,1,-0.6624,0.2
2017,11,South,Technology,Accessories,3747.02,40,831.2454999999999,1
2017,11,South,Technology,Copiers,959.984,2,311.9948,0.2
2017,11,South,Technology,Machines,7999.98,4,-3839.9904,0.5
2017,11,South,Technology,Phones,2749.6,31,251.2073,1.2
2017,11,West,Furniture,Bookcases,359.499,3,-29.6058,0.15
2017,11,West,Furniture,Chairs,5760.712000000001,33,-36.604699999999966,1.9999999999999998
2017,11,West,Furniture,Furnishings,666.288,42,154.52370000000002,0.2
2017,11,West,Furniture,Tables,7368.18,37,691.842,0.8
2017,11,West,Office Supplies,Appliances,664.53,14,183.0774,0
2017,11,West,Office Supplies,Art,139.33,37,42.3525,0
2017,11,West,Office Supplies,Binders,1896.1879999999996,94,579.5039999999999,6.500000000000002
2017,11,West,Office Supplies,Envelopes,91.86,9,45.7772,0
2017,11,West,Office Supplies,Fasteners,35.8,10,14.225999999999999,0
2017,11,West,Office Supplies,Labels,122.65,14,58.1327,0
2017,11,West,Office Supplies,Paper,948.676,78,431.7735,0.6000000000000001
2017,11,West,Office Supplies,Storage,3051.984,64,208.1307,0.4
2017,11,West,Office Supplies,Supplies,27.93,3,8.0997,0
2017,11,West,Technology,Accessories,2189.8140000000003,75,629.8625,0.6000000000000001
2017,11,West,Technology,Machines,3055.962,6,256.0005,1.0999999999999999
2017,11,West,Technology,Phones,2562.3839999999996,37,206.15779999999998,1.9999999999999998
2017,12,Central,Furniture,Bookcases,538.7728,6,29.7968,0.32
2017,12,Central,Furniture,Chairs,3410.5240000000003,17,603.2765999999999,0.8999999999999999
2017,12,Central,Furniture,Furnishings,561.282,32,-384.74490000000003,5.3999999999999995
2017,12,Central,Furniture,Tables,1994.308,8,69.71039999999999,0.3
2017,12,Central,Office Supplies,Appliances,2591.5280000000002,28,-427.00120000000004,3.2
2017,12,Central,Office Supplies,Art,222.47600000000003,33,49.1552,1
2017,12,Central,Office Supplies,Binders,2229.898,75,-2985.5658,6.3999999999999995
2017,12,Central,Office Supplies,Envelopes,7.28,1,3.4944,0
2017,12,Central,Office Supplies,Fasteners,55.842,12,17.453100000000003,0.2
2017,12,Central,Office Supplies,Labels,61.06,2,28.0876,0
2017,12,Central,Office Supplies,Paper,939.2520000000002,75,378.5344,2.1999999999999997
2017,12,Central,Office Supplies,Storage,1718.7779999999998,19,109.27619999999999,0.6000000000000001
2017,12,Central,Office Supplies,Supplies,44.688,7,5.0274,0.2
2017,12,Central,Technology,Accessories,1622.962,40,441.01930000000004,0.6000000000000001
2017,12,Central,Technology,Phones,2884.42,14,824.1051,0.4
2017,12,East,Furniture,Bookcases,1024.076,10,74.94200000000001,0.6000000000000001
2017,12,East,Furniture,Chairs,3902.726,44,393.73879999999997,1.7
2017,12,East,Furniture,Furnishings,1228.4220000000003,41,236.2192,1.2
2017,12,East,Furniture,Tables,799.642,4,-157.3312,0.7
2017,12,East,Office Supplies,Appliances,2861.882,44,813.5853,0.2
2017,12,East,Office Supplies,Art,122.96400000000001,36,33.802600000000005,1.2
2017,12,East,Office Supplies,Binders,1860.5959999999998,85,-14.703399999999988,8.9
2017,12,East,Office Supplies,Envelopes,173.116,11,62.0247,0.4
2017,12,East,Office Supplies,Fasteners,87.946,32,34.181200000000004,0.4
2017,12,East,Office Supplies,Labels,112.05600000000001,18,51.206100000000006,0.2
2017,12,East,Office Supplies,Paper,784.7000000000002,45,348.05180000000007,0.8
2017,12,East,Office Supplies,Storage,1434.32,23,213.77640000000005,0.4
2017,12,East,Office Supplies,Supplies,794.73,16,61.772,0
2017,12,East,Technology,Accessories,854.26,29,143.7444,0.8
2017,12,East,Technology,Copiers,1199.98,2,467.9922,0
2017,12,East,Technology,Phones,2842.9999999999995,44,462.09729999999996,2
2017,12,South,Furniture,Chairs,3718.504,31,888.2062999999999,0.2
2017,12,South,Furniture,Furnishings,209.94799999999998,18,60.409200000000006,0.6000000000000001
2017,12,South,Furniture,Tables,1656.8310000000001,12,-669.3216,0.8500000000000001
2017,12,South,Office Supplies,Appliances,639.996,17,172.9128,0.4
2017,12,South,Office Supplies,Art,211.61400000000003,34,33.826,1.2
2017,12,South,Office Supplies,Binders,201.972,32,5.513099999999994,1.4
2017,12,South,Office Supplies,Envelopes,190.764,4,88.9158,0.2
2017,12,South,Office Supplies,Fasteners,3.62,2,1.1946,0
2017,12,South,Office Supplies,Labels,5.76,2,2.6496,0
2017,12,South,Office Supplies,Paper,794.5880000000001,14,377.6304,0.2
2017,12,South,Office Supplies,Storage,1394.7560000000003,22,134.57660000000004,0.6000000000000001
2017,12,South,Office Supplies,Supplies,1665.62,2,33.3124,0
2017,12,South,Technology,Accessories,1168.826,28,451.03430000000003,0.4
2017,12,South,Technology,Copiers,1399.98,2,629.991,0
2017,12,South,Technology,Machines,1248.97,7,-39.79499999999997,1
2017,12,South,Technology,Phones,697.988,12,156.24240000000003,0.2
2017,12,West,Furniture,Bookcases,2091.2490000000003,34,-471.5276,1.8499999999999999
2017,12,West,Furniture,Chairs,3934.7040000000006,33,135.2114,1.5999999999999999
2017,12,West,Furniture,Furnishings,2062.016,80,358.1957,1.2
2017,12,West,Furniture,Tables,4274.462,24,-20.026299999999978,0.8999999999999999
2017,12,West,Office Supplies,Appliances,423.42199999999997,12,130.9362,0.2
2017,12,West,Office Supplies,Art,305.22400000000005,44,81.75210000000001,0.2
2017,12,West,Office Supplies,Binders,1243.636,119,305.13110000000006,8.700000000000001
2017,12,West,Office Supplies,Envelopes,43.7,5,20.539,0
2017,12,West,Office Supplies,Fasteners,22.624000000000002,8,8.999199999999998,0.2
2017,12,West,Office Supplies,Labels,99.84,20,48.7131,0
2017,12,West,Office Supplies,Paper,1372.1699999999998,87,599.5135999999999,0.4
2017,12,West,Office Supplies,Storage,5653.224,67,936.4898000000002,0.4
2017,12,West,Office Supplies,Supplies,61.3,8,9.5498,0.2
2017,12,West,Technology,Accessories,1342.948,39,344.4750000000001,0.4
2017,12,West,Technology,Copiers,4079.9280000000003,9,1442.9745,0.4
2017,12,West,Technology,Phones,2641.6479999999997,42,238.39829999999998,2.6
